modelo,pareto_idx,n_variables,precision_cv,recall_cv,accuracy_test,precision_test,recall_test,f1_test,custom_score_test,TN,FP,FN,TP,selected_features
LogisticRegression,0,2,0.05983636697922412,0.9373662105405772,0.4722222222222222,0.46238532110091746,0.9581749049429658,0.6237623762376238,0.6607011546377368,20,293,11,252,"['medicacion_osteoporosis_1', 'tiempo_seg_cond1']"
LogisticRegression,1,2,0.05983636697922412,0.9373662105405772,0.4722222222222222,0.46238532110091746,0.9581749049429658,0.6237623762376238,0.6607011546377368,20,293,11,252,"['tiempo_seg_cond1', 'medicacion_osteoporosis_1']"
LogisticRegression,182,2,0.05983636697922412,0.9373662105405772,0.4722222222222222,0.46238532110091746,0.9581749049429658,0.6237623762376238,0.6607011546377368,20,293,11,252,"['tiempo_seg_cond1', 'medicacion_osteoporosis_1']"
LogisticRegression,189,2,0.05983636697922412,0.9373662105405772,0.4722222222222222,0.46238532110091746,0.9581749049429658,0.6237623762376238,0.6607011546377368,20,293,11,252,"['medicacion_osteoporosis_1', 'tiempo_seg_cond1']"
SVC,47,22,0.5801434087148373,0.7710066386668473,0.6336805555555556,0.5773809523809523,0.7376425855513308,0.6477462437395659,0.6414856056491036,171,142,69,194,"['raza_etnia_6.0', 'cadmio_sangre_nmol_l', 'cap_iqr', 'trigliceridos_mmol_l', 'ratio_albumina_creatinina', 'edad_an', 'monocitos_abs', 'tiempo_seg_cond3', 'fracturas_1', 'plaquetas_totales', 'altura_cm', 'hdl_mmol_l', 'eosinofilos_abs', 'albumina_orina_mg_l', ""tipo_sonda_elasto_b'M'"", 'ldl_martin_mmol_l', 'imc', 'raza_etnia_2.0', 'creatinina_orina_umol_l', 'elegibilidad_balance_1', 'convulsiones_1', 'pais_nacimiento_1']"
SVC,35,3,0.15485383342526202,0.8797588402655467,0.5138888888888888,0.4822546972860125,0.8783269961977186,0.6226415094339622,0.6406836168506949,65,248,32,231,"['medicacion_osteoporosis_1', 'raza_etnia_2.0', 'raza_etnia_6.0']"
SVC,132,3,0.15485383342526202,0.8797588402655467,0.5138888888888888,0.4822546972860125,0.8783269961977186,0.6226415094339622,0.6406836168506949,65,248,32,231,"['raza_etnia_2.0', 'medicacion_osteoporosis_1', 'raza_etnia_6.0']"
LogisticRegression,10,3,0.1548630262915977,0.8731608183173012,0.5104166666666666,0.4802494802494803,0.8783269961977186,0.6209677419354839,0.6394804866287755,63,250,32,231,"['medicacion_osteoporosis_1', 'estado_examen_balance_1', 'raza_etnia_2.0']"
LogisticRegression,43,3,0.1548630262915977,0.8731608183173012,0.5104166666666666,0.4802494802494803,0.8783269961977186,0.6209677419354839,0.6394804866287755,63,250,32,231,"['estado_examen_balance_1', 'raza_etnia_2.0', 'medicacion_osteoporosis_1']"
LogisticRegression,7,2,0.0679720536863394,0.9307275436932665,0.4461805555555556,0.4483394833948339,0.9239543726235742,0.6037267080745342,0.63858543908633,14,299,20,243,"['caidas_1', 'tiempo_seg_cond1']"
LogisticRegression,11,2,0.0679720536863394,0.9307275436932665,0.4461805555555556,0.4483394833948339,0.9239543726235742,0.6037267080745342,0.63858543908633,14,299,20,243,"['tiempo_seg_cond1', 'caidas_1']"
LogisticRegression,192,2,0.0679720536863394,0.9307275436932665,0.4461805555555556,0.4483394833948339,0.9239543726235742,0.6037267080745342,0.63858543908633,14,299,20,243,"['caidas_1', 'tiempo_seg_cond1']"
SVC,27,3,0.15621437764294907,0.8748272591789732,0.5121527777777778,0.4811715481171548,0.8745247148288974,0.6207827260458839,0.6385128148018518,65,248,33,230,"['medicacion_osteoporosis_1', 'estado_examen_balance_1', 'raza_etnia_2.0']"
SVC,31,3,0.15621437764294907,0.8748272591789732,0.5121527777777778,0.4811715481171548,0.8745247148288974,0.6207827260458839,0.6385128148018518,65,248,33,230,"['estado_examen_balance_1', 'raza_etnia_2.0', 'medicacion_osteoporosis_1']"
SVC,187,3,0.15621437764294907,0.8748272591789732,0.5121527777777778,0.4811715481171548,0.8745247148288974,0.6207827260458839,0.6385128148018518,65,248,33,230,"['medicacion_osteoporosis_1', 'estado_examen_balance_1', 'raza_etnia_2.0']"
LogisticRegression,52,2,0.16028681742967454,0.8698685814930226,0.5138888888888888,0.48210526315789476,0.870722433460076,0.6205962059620597,0.6375521312787673,67,246,34,229,"['raza_etnia_2.0', 'medicacion_osteoporosis_1']"
LogisticRegression,74,2,0.16028681742967454,0.8698685814930226,0.5138888888888888,0.48210526315789476,0.870722433460076,0.6205962059620597,0.6375521312787673,67,246,34,229,"['medicacion_osteoporosis_1', 'raza_etnia_2.0']"
LogisticRegression,199,2,0.16028681742967454,0.8698685814930226,0.5138888888888888,0.48210526315789476,0.870722433460076,0.6205962059620597,0.6375521312787673,67,246,34,229,"['medicacion_osteoporosis_1', 'raza_etnia_2.0']"
SVC,14,5,0.20647177790034932,0.8320146321636634,0.515625,0.4829787234042553,0.8631178707224335,0.6193724420190996,0.6350343823315265,70,243,36,227,"['raza_etnia_6.0', 'fracturas_1', 'medicacion_osteoporosis_1', 'raza_etnia_7.0', 'raza_etnia_2.0']"
LogisticRegression,45,3,0.17923331494760067,0.848435171385991,0.5017361111111112,0.475103734439834,0.870722433460076,0.614765100671141,0.6333512140479308,60,253,34,229,"['fracturas_1', 'estado_elastografia_1', 'raza_etnia_2.0']"
LogisticRegression,62,3,0.17923331494760067,0.848435171385991,0.5017361111111112,0.475103734439834,0.870722433460076,0.614765100671141,0.6333512140479308,60,253,34,229,"['fracturas_1', 'estado_elastografia_1', 'raza_etnia_2.0']"
SVC,61,9,0.5298676227247656,0.7923858555751253,0.6163194444444444,0.5603448275862069,0.7414448669201521,0.6382978723404256,0.6327848433197849,160,153,68,195,"['eritrocitos_totales', 'raza_etnia_6.0', 'periodo_examen_1', 'edad_an', 'tamano_manguito_pa_5.0', 'trigliceridos_mmol_l', 'ratio_iqr_mediana', 'fracturas_1', 'peso_kg']"
LogisticRegression,4,2,0.12773487773487774,0.8929548841620377,0.4704861111111111,0.4588235294117647,0.8897338403041825,0.6054333764553687,0.6311876537687318,37,276,29,234,"['fracturas_1', 'medicacion_osteoporosis_1']"
LogisticRegression,5,3,0.13317705460562604,0.87973174366617,0.4704861111111111,0.4588235294117647,0.8897338403041825,0.6054333764553687,0.6311876537687318,37,276,29,234,"['medicacion_osteoporosis_1', 'tiempo_seg_cond1', 'fracturas_1']"
LogisticRegression,34,2,0.12773487773487774,0.8929548841620377,0.4704861111111111,0.4588235294117647,0.8897338403041825,0.6054333764553687,0.6311876537687318,37,276,29,234,"['fracturas_1', 'medicacion_osteoporosis_1']"
LogisticRegression,42,3,0.13317705460562604,0.87973174366617,0.4704861111111111,0.4588235294117647,0.8897338403041825,0.6054333764553687,0.6311876537687318,37,276,29,234,"['fracturas_1', 'medicacion_osteoporosis_1', 'tiempo_seg_cond1']"
SVC,8,2,0.12773487773487774,0.8929548841620377,0.4704861111111111,0.4588235294117647,0.8897338403041825,0.6054333764553687,0.6311876537687318,37,276,29,234,"['fracturas_1', 'medicacion_osteoporosis_1']"
SVC,9,2,0.12773487773487774,0.8929548841620377,0.4704861111111111,0.4588235294117647,0.8897338403041825,0.6054333764553687,0.6311876537687318,37,276,29,234,"['fracturas_1', 'medicacion_osteoporosis_1']"
SVC,158,2,0.12773487773487774,0.8929548841620377,0.4704861111111111,0.4588235294117647,0.8897338403041825,0.6054333764553687,0.6311876537687318,37,276,29,234,"['medicacion_osteoporosis_1', 'fracturas_1']"
SVC,162,2,0.12773487773487774,0.8929548841620377,0.4704861111111111,0.4588235294117647,0.8897338403041825,0.6054333764553687,0.6311876537687318,37,276,29,234,"['medicacion_osteoporosis_1', 'fracturas_1']"
SVC,165,2,0.12773487773487774,0.8929548841620377,0.4704861111111111,0.4588235294117647,0.8897338403041825,0.6054333764553687,0.6311876537687318,37,276,29,234,"['medicacion_osteoporosis_1', 'fracturas_1']"
SVC,183,2,0.12773487773487774,0.8929548841620377,0.4704861111111111,0.4588235294117647,0.8897338403041825,0.6054333764553687,0.6311876537687318,37,276,29,234,"['medicacion_osteoporosis_1', 'fracturas_1']"
SVC,193,2,0.12773487773487774,0.8929548841620377,0.4704861111111111,0.4588235294117647,0.8897338403041825,0.6054333764553687,0.6311876537687318,37,276,29,234,"['fracturas_1', 'medicacion_osteoporosis_1']"
SVC,30,3,0.17516087516087514,0.8517274082102695,0.4947916666666667,0.4711934156378601,0.870722433460076,0.6114819759679573,0.6310050227667465,56,257,34,229,"['raza_etnia_6.0', 'fracturas_1', 'raza_etnia_2.0']"
SVC,48,3,0.17516087516087514,0.8517274082102695,0.4947916666666667,0.4711934156378601,0.870722433460076,0.6114819759679573,0.6310050227667465,56,257,34,229,"['fracturas_1', 'raza_etnia_6.0', 'raza_etnia_2.0']"
SVC,185,3,0.17516087516087514,0.8517274082102695,0.4947916666666667,0.4711934156378601,0.870722433460076,0.6114819759679573,0.6310050227667465,56,257,34,229,"['fracturas_1', 'raza_etnia_2.0', 'raza_etnia_6.0']"
LogisticRegression,103,30,0.6806674020959734,0.6803143205527707,0.6597222222222222,0.6254681647940075,0.6349809885931559,0.630188679245283,0.6292732943136669,213,100,96,167,"['raza_etnia_3.0', 'linfocitos_abs', 'hemoglobina_g_dl', 'neutrofilos_abs', 'estado_examen_balance_1', 'plomo_sangre_umol_l', 'pulso', 'genero_1', 'raza_etnia_4.0', 'tiempo_seg_cond4', 'ratio_albumina_creatinina', 'eosinofilos_abs', 'elegibilidad_balance_1', 'raza_etnia_7.0', 'medicacion_osteoporosis_1', 'intentos_totales_elasto', 'creatinina_orina_umol_l', 'caidas_1', 'peso_kg', 'cadmio_sangre_nmol_l', 'tiempo_seg_cond1', 'trigliceridos_mmol_l', 'ratio_iqr_mediana', 'edad_an', 'plaquetas_totales', 'hdl_mmol_l', 'largo_brazo_superior_cm', 'fracturas_1', ""tipo_sonda_elasto_b'XL'"", 'tamano_manguito_pa_3.0']"
LogisticRegression,130,30,0.6806490163633022,0.6885245901639344,0.6579861111111112,0.6222222222222222,0.6387832699619772,0.6303939962476548,0.6288466413181242,211,102,95,168,"[""tipo_sonda_elasto_b'XL'"", 'neutrofilos_abs', 'elegibilidad_balance_1', 'trigliceridos_mmol_l', 'ratio_pobreza', 'tiempo_seg_cond1', 'raza_etnia_4.0', 'peso_kg', 'fracturas_1', 'hdl_mmol_l', 'tamano_manguito_pa_3.0', 'caidas_1', 'genero_1', 'largo_brazo_superior_cm', 'estado_examen_balance_1', 'hemoglobina_g_dl', 'edad_an', 'plomo_sangre_umol_l', 'intentos_totales_elasto', 'plaquetas_totales', 'peso_flebotomia', 'linfocitos_abs', 'medicacion_osteoporosis_1', 'tiempo_seg_cond4', 'pulso', 'eosinofilos_abs', 'raza_etnia_3.0', 'creatinina_orina_umol_l', 'ratio_albumina_creatinina', 'cadmio_sangre_nmol_l']"
SVC,102,19,0.5611325611325612,0.7726188863297655,0.6267361111111112,0.5736196319018405,0.7110266159695817,0.634974533106961,0.628582425528937,174,139,76,187,"['rigidez_mediana_kpa', 'tiempo_seg_cond1', 'eosinofilos_abs', 'periodo_examen_1', 'edad_an', 'ratio_albumina_creatinina', 'hdl_mmol_l', 'ratio_iqr_mediana', 'raza_etnia_2.0', 'estado_examen_balance_1', 'imc', 'pais_nacimiento_1', 'tamano_hogar', 'genero_1', 'eritrocitos_totales', 'trigliceridos_mmol_l', ""tipo_sonda_elasto_b'XL'"", 'ldl_martin_mmol_l', 'elegibilidad_balance_1']"
LogisticRegression,6,3,0.10603971318257033,0.901151605473513,0.4618055555555556,0.45436893203883494,0.8897338403041825,0.6015424164524421,0.628514895344974,32,281,29,234,"['medicacion_osteoporosis_1', 'tiempo_seg_cond1', 'caidas_1']"
LogisticRegression,18,2,0.1019580805295091,0.9143747459693807,0.4618055555555556,0.45436893203883494,0.8897338403041825,0.6015424164524421,0.628514895344974,32,281,29,234,"['medicacion_osteoporosis_1', 'caidas_1']"
LogisticRegression,24,2,0.1019580805295091,0.9143747459693807,0.4618055555555556,0.45436893203883494,0.8897338403041825,0.6015424164524421,0.628514895344974,32,281,29,234,"['caidas_1', 'medicacion_osteoporosis_1']"
LogisticRegression,40,3,0.10603971318257033,0.901151605473513,0.4618055555555556,0.45436893203883494,0.8897338403041825,0.6015424164524421,0.628514895344974,32,281,29,234,"['medicacion_osteoporosis_1', 'caidas_1', 'tiempo_seg_cond1']"
LogisticRegression,181,2,0.1019580805295091,0.9143747459693807,0.4618055555555556,0.45436893203883494,0.8897338403041825,0.6015424164524421,0.628514895344974,32,281,29,234,"['caidas_1', 'medicacion_osteoporosis_1']"
LogisticRegression,190,2,0.1019580805295091,0.9143747459693807,0.4618055555555556,0.45436893203883494,0.8897338403041825,0.6015424164524421,0.628514895344974,32,281,29,234,"['medicacion_osteoporosis_1', 'caidas_1']"
SVC,1,2,0.06794447508733223,0.9292507790272321,0.4618055555555556,0.45436893203883494,0.8897338403041825,0.6015424164524421,0.628514895344974,32,281,29,234,"['medicacion_osteoporosis_1', 'caidas_1']"
SVC,2,2,0.06794447508733223,0.9292507790272321,0.4618055555555556,0.45436893203883494,0.8897338403041825,0.6015424164524421,0.628514895344974,32,281,29,234,"['caidas_1', 'medicacion_osteoporosis_1']"
SVC,169,2,0.06794447508733223,0.9292507790272321,0.4618055555555556,0.45436893203883494,0.8897338403041825,0.6015424164524421,0.628514895344974,32,281,29,234,"['medicacion_osteoporosis_1', 'caidas_1']"
SVC,170,2,0.06794447508733223,0.9292507790272321,0.4618055555555556,0.45436893203883494,0.8897338403041825,0.6015424164524421,0.628514895344974,32,281,29,234,"['medicacion_osteoporosis_1', 'caidas_1']"
SVC,172,2,0.06794447508733223,0.9292507790272321,0.4618055555555556,0.45436893203883494,0.8897338403041825,0.6015424164524421,0.628514895344974,32,281,29,234,"['medicacion_osteoporosis_1', 'caidas_1']"
SVC,199,2,0.06794447508733223,0.9292507790272321,0.4618055555555556,0.45436893203883494,0.8897338403041825,0.6015424164524421,0.628514895344974,32,281,29,234,"['medicacion_osteoporosis_1', 'caidas_1']"
SVC,55,4,0.21325611325611327,0.8254030619157297,0.5104166666666666,0.4796573875802998,0.8517110266159695,0.6136986301369863,0.6284788431945677,70,243,39,224,"['medicacion_osteoporosis_1', 'fracturas_1', 'raza_etnia_2.0', 'raza_etnia_7.0']"
SVC,34,9,0.5081632653061224,0.7973580815607642,0.5833333333333334,0.5300261096605744,0.7718631178707225,0.628482972136223,0.6267609129446337,133,180,60,203,"['albumina_orina_mg_l', 'genero_1', 'edad_an', 'ratio_albumina_creatinina', 'linfocitos_abs', 'estado_elastografia_1', 'tamano_manguito_pa_3.0', 'toma_suplementos_1', 'ldl_martin_mmol_l']"
SVC,40,9,0.5081632653061224,0.7973580815607642,0.5833333333333334,0.5300261096605744,0.7718631178707225,0.628482972136223,0.6267609129446337,133,180,60,203,"['toma_suplementos_1', 'ratio_albumina_creatinina', 'albumina_orina_mg_l', 'linfocitos_abs', 'edad_an', 'ldl_martin_mmol_l', 'estado_elastografia_1', 'genero_1', 'tamano_manguito_pa_3.0']"
SVC,33,8,0.5339400625114911,0.7874678227882401,0.6076388888888888,0.5530085959885387,0.7338403041825095,0.630718954248366,0.625341279266127,157,156,70,193,"['peso_kg', 'eritrocitos_totales', 'trigliceridos_mmol_l', 'ratio_iqr_mediana', 'periodo_examen_1', 'edad_an', 'albumina_orina_mg_l', 'raza_etnia_6.0']"
SVC,65,8,0.5298676227247656,0.7923858555751253,0.6076388888888888,0.5530085959885387,0.7338403041825095,0.630718954248366,0.625341279266127,157,156,70,193,"['periodo_examen_1', 'raza_etnia_6.0', 'ratio_iqr_mediana', 'peso_kg', 'edad_an', 'eritrocitos_totales', 'trigliceridos_mmol_l', 'fracturas_1']"
SVC,142,11,0.5420849420849421,0.7776317572144695,0.6111111111111112,0.5568513119533528,0.7262357414448669,0.6303630363036303,0.6246050837499584,161,152,72,191,"['ratio_iqr_mediana', 'periodo_examen_1', 'eritrocitos_totales', 'fracturas_1', 'edad_an', 'medicacion_osteoporosis_1', 'rigidez_iqr', 'peso_kg', 'ratio_albumina_creatinina', 'raza_etnia_6.0', 'trigliceridos_mmol_l']"
SVC,147,11,0.5420849420849421,0.7776317572144695,0.6111111111111112,0.5568513119533528,0.7262357414448669,0.6303630363036303,0.6246050837499584,161,152,72,191,"['ratio_albumina_creatinina', 'edad_an', 'raza_etnia_6.0', 'ratio_iqr_mediana', 'eritrocitos_totales', 'periodo_examen_1', 'medicacion_osteoporosis_1', 'fracturas_1', 'peso_kg', 'rigidez_iqr', 'trigliceridos_mmol_l']"
SVC,58,4,0.21324692038977755,0.8287088470396965,0.5086805555555556,0.47835497835497837,0.8403041825095057,0.6096551724137931,0.6231346600167893,72,241,42,221,"['raza_etnia_6.0', 'fracturas_1', 'raza_etnia_2.0', 'medicacion_osteoporosis_1']"
SVC,129,4,0.21324692038977755,0.8287088470396965,0.5086805555555556,0.47835497835497837,0.8403041825095057,0.6096551724137931,0.6231346600167893,72,241,42,221,"['raza_etnia_2.0', 'raza_etnia_6.0', 'fracturas_1', 'medicacion_osteoporosis_1']"
LogisticRegression,26,2,0.18603603603603605,0.8434764937000405,0.4947916666666667,0.47058823529411764,0.8517110266159695,0.6062246278755075,0.6230373518228585,61,252,39,224,"['fracturas_1', 'raza_etnia_2.0']"
LogisticRegression,32,2,0.18603603603603605,0.8434764937000405,0.4947916666666667,0.47058823529411764,0.8517110266159695,0.6062246278755075,0.6230373518228585,61,252,39,224,"['fracturas_1', 'raza_etnia_2.0']"
SVC,79,2,0.18059385916528775,0.8467687305243192,0.4947916666666667,0.47058823529411764,0.8517110266159695,0.6062246278755075,0.6230373518228585,61,252,39,224,"['raza_etnia_2.0', 'fracturas_1']"
SVC,118,2,0.18059385916528775,0.8467687305243192,0.4947916666666667,0.47058823529411764,0.8517110266159695,0.6062246278755075,0.6230373518228585,61,252,39,224,"['raza_etnia_2.0', 'fracturas_1']"
SVC,175,2,0.18059385916528775,0.8467687305243192,0.4947916666666667,0.47058823529411764,0.8517110266159695,0.6062246278755075,0.6230373518228585,61,252,39,224,"['raza_etnia_2.0', 'fracturas_1']"
SVC,180,2,0.18059385916528775,0.8467687305243192,0.4947916666666667,0.47058823529411764,0.8517110266159695,0.6062246278755075,0.6230373518228585,61,252,39,224,"['raza_etnia_2.0', 'fracturas_1']"
SVC,184,2,0.18059385916528775,0.8467687305243192,0.4947916666666667,0.47058823529411764,0.8517110266159695,0.6062246278755075,0.6230373518228585,61,252,39,224,"['raza_etnia_2.0', 'fracturas_1']"
SVC,127,22,0.5584206655635227,0.7726188863297656,0.6180555555555556,0.5653495440729484,0.7072243346007605,0.6283783783783784,0.6220994602840733,170,143,77,186,"['imc', 'estado_examen_balance_1', 'eritrocitos_totales', 'medicacion_osteoporosis_1', 'trigliceridos_mmol_l', 'hdl_mmol_l', 'pais_nacimiento_1', 'albumina_orina_mg_l', 'ratio_albumina_creatinina', 'ratio_iqr_mediana', 'raza_etnia_7.0', 'periodo_examen_1', ""tipo_sonda_elasto_b'XL'"", 'eosinofilos_abs', 'edad_an', 'raza_etnia_2.0', 'tamano_hogar', 'elegibilidad_balance_1', 'fracturas_1', 'genero_1', 'tamano_manguito_pa_3.0', 'ldl_martin_mmol_l']"
SVC,87,11,0.544815223386652,0.7759653163527978,0.6128472222222222,0.5595238095238095,0.714828897338403,0.6277128547579299,0.6216458446496469,165,148,75,188,"['caidas_1', 'ratio_albumina_creatinina', 'peso_kg', 'periodo_examen_1', 'edad_an', 'rigidez_iqr', 'eritrocitos_totales', 'ratio_iqr_mediana', 'medicacion_osteoporosis_1', 'trigliceridos_mmol_l', 'raza_etnia_6.0']"
SVC,154,29,0.6372035300606729,0.7347242921013413,0.6388888888888888,0.5938566552901023,0.6615969581749049,0.6258992805755396,0.6209527764440234,194,119,89,174,"['tamano_manguito_pa_4.0', 'tiempo_seg_cond1', 'fracturas_1', 'psu', 'eritrocitos_totales', 'raza_etnia_4.0', 'albumina_orina_mg_l', 'hdl_mmol_l', 'peso_kg', 'edad_an', 'volumen_plaquetario_medio', 'pulso', 'ratio_albumina_creatinina', 'eosinofilos_abs', 'rigidez_iqr', 'aprueba_cond4_1', 'manganeso_sangre_nmol_l', 'caidas_1', 'neutrofilos_abs', 'tamano_manguito_pa_3.0', 'rigidez_mediana_kpa', 'periodo_examen_1', 'cadmio_sangre_nmol_l', 'trigliceridos_mmol_l', 'raza_etnia_3.0', 'ldl_martin_mmol_l', 'ratio_iqr_mediana', 'elegibilidad_balance_1', 'tamano_manguito_pa_5.0']"
LogisticRegression,78,3,0.17927008641294356,0.846768730524319,0.4878472222222222,0.4666666666666667,0.8517110266159695,0.6029609690444145,0.6206844106463878,57,256,39,224,"['raza_etnia_2.0', 'fracturas_1', 'estado_examen_balance_1']"
LogisticRegression,144,3,0.17927008641294356,0.846768730524319,0.4878472222222222,0.4666666666666667,0.8517110266159695,0.6029609690444145,0.6206844106463878,57,256,39,224,"['raza_etnia_2.0', 'estado_examen_balance_1', 'fracturas_1']"
SVC,23,22,0.5855947784519213,0.7627692724563067,0.6145833333333334,0.5619335347432024,0.7072243346007605,0.6262626262626263,0.6200498546862256,168,145,77,186,"['eosinofilos_abs', 'edad_an', 'raza_etnia_6.0', 'trigliceridos_mmol_l', 'ratio_albumina_creatinina', 'peso_kg', 'hdl_mmol_l', 'ldl_martin_mmol_l', 'albumina_orina_mg_l', 'monocitos_abs', 'plaquetas_totales', 'creatinina_orina_umol_l', ""tipo_sonda_elasto_b'M'"", 'convulsiones_1', 'cap_iqr', 'imc', 'elegibilidad_balance_1', 'cadmio_sangre_nmol_l', 'raza_etnia_2.0', 'tiempo_seg_cond3', 'pais_nacimiento_1', 'fracturas_1']"
SVC,17,2,0.1670711527854385,0.8615905703834169,0.4930555555555556,0.4692144373673036,0.8403041825095057,0.6021798365122616,0.6176503354241845,63,250,42,221,"['raza_etnia_2.0', 'caidas_1']"
SVC,19,2,0.1670711527854385,0.8615905703834169,0.4930555555555556,0.4692144373673036,0.8403041825095057,0.6021798365122616,0.6176503354241845,63,250,42,221,"['raza_etnia_2.0', 'caidas_1']"
SVC,168,2,0.1670711527854385,0.8615905703834169,0.4930555555555556,0.4692144373673036,0.8403041825095057,0.6021798365122616,0.6176503354241845,63,250,42,221,"['raza_etnia_2.0', 'caidas_1']"
SVC,188,2,0.1670711527854385,0.8615905703834169,0.4930555555555556,0.4692144373673036,0.8403041825095057,0.6021798365122616,0.6176503354241845,63,250,42,221,"['raza_etnia_2.0', 'caidas_1']"
LogisticRegression,16,5,0.23639455782312924,0.8039967484080748,0.5104166666666666,0.47902869757174393,0.8250950570342205,0.6061452513966481,0.6174552413567346,77,236,46,217,"['tiempo_seg_cond1', 'medicacion_osteoporosis_1', 'fracturas_1', 'ratio_albumina_creatinina', 'raza_etnia_2.0']"
LogisticRegression,39,5,0.23639455782312924,0.8039967484080748,0.5104166666666666,0.47902869757174393,0.8250950570342205,0.6061452513966481,0.6174552413567346,77,236,46,217,"['fracturas_1', 'tiempo_seg_cond1', 'medicacion_osteoporosis_1', 'raza_etnia_2.0', 'ratio_albumina_creatinina']"
LogisticRegression,66,4,0.22684316970031254,0.8171521474055006,0.5104166666666666,0.47902869757174393,0.8250950570342205,0.6061452513966481,0.6174552413567346,77,236,46,217,"['medicacion_osteoporosis_1', 'ratio_albumina_creatinina', 'raza_etnia_2.0', 'fracturas_1']"
LogisticRegression,93,4,0.22684316970031254,0.8171521474055006,0.5104166666666666,0.47902869757174393,0.8250950570342205,0.6061452513966481,0.6174552413567346,77,236,46,217,"['raza_etnia_2.0', 'medicacion_osteoporosis_1', 'fracturas_1', 'ratio_albumina_creatinina']"
SVC,75,20,0.6140650854936569,0.7478661427990787,0.6302083333333334,0.5827814569536424,0.6692015209125475,0.6230088495575221,0.6173494825372043,187,126,87,176,"['rigidez_iqr', 'eosinofilos_abs', 'imc', 'ratio_albumina_creatinina', 'convulsiones_1', 'hdl_mmol_l', 'edad_an', 'pais_nacimiento_1', 'periodo_examen_1', 'ratio_iqr_mediana', 'genero_1', 'caidas_1', 'plomo_sangre_umol_l', 'trigliceridos_mmol_l', ""tipo_sonda_elasto_b'XL'"", 'rigidez_mediana_kpa', 'tamano_manguito_pa_5.0', 'plaquetas_totales', 'tamano_manguito_pa_3.0', 'pulso']"
LogisticRegression,104,28,0.6942728442728443,0.650697737433952,0.6458333333333334,0.608058608058608,0.6311787072243346,0.6194029850746269,0.6173066477248986,206,107,97,166,"['hemoglobina_g_dl', 'cap_mediana_db_m', 'conc_hemoglobina_media', ""tipo_sonda_elasto_b'XL'"", 'intentos_totales_elasto', 'rigidez_iqr', 'fracturas_1', 'edad_an', 'pulso', 'tiempo_seg_cond1', 'rigidez_mediana_kpa', 'estado_examen_balance_1', 'trigliceridos_mmol_l', 'hdl_mmol_l', 'eosinofilos_abs', 'manganeso_sangre_nmol_l', 'albumina_orina_mg_l', 'ratio_iqr_mediana', 'leucocitos_totales', 'plaquetas_totales', ""tipo_sonda_elasto_b'M'"", 'peso_kg', 'cadmio_sangre_nmol_l', 'plomo_sangre_umol_l', 'peso_flebotomia', 'volumen_plaquetario_medio', 'mercurio_sangre_nmol_l', 'tiempo_seg_cond3']"
SVC,53,4,0.21867990439419013,0.8237501693537462,0.5034722222222222,0.4749455337690632,0.8288973384030418,0.6038781163434903,0.6165262556226546,72,241,45,218,"['convulsiones_1', 'medicacion_osteoporosis_1', 'raza_etnia_2.0', 'fracturas_1']"
SVC,131,3,0.21867990439419013,0.8237501693537462,0.5034722222222222,0.4749455337690632,0.8288973384030418,0.6038781163434903,0.6165262556226546,72,241,45,218,"['medicacion_osteoporosis_1', 'raza_etnia_2.0', 'fracturas_1']"
SVC,176,3,0.21867990439419013,0.8237501693537462,0.5034722222222222,0.4749455337690632,0.8288973384030418,0.6038781163434903,0.6165262556226546,72,241,45,218,"['medicacion_osteoporosis_1', 'fracturas_1', 'raza_etnia_2.0']"
SVC,195,3,0.21867990439419013,0.8237501693537462,0.5034722222222222,0.4749455337690632,0.8288973384030418,0.6038781163434903,0.6165262556226546,72,241,45,218,"['medicacion_osteoporosis_1', 'raza_etnia_2.0', 'fracturas_1']"
SVC,54,4,0.17927927927927928,0.8484351713859912,0.484375,0.46443514644351463,0.844106463878327,0.5991902834008097,0.6163036734174396,57,256,41,222,"['pais_nacimiento_1', 'fracturas_1', 'raza_etnia_2.0', 'caidas_1']"
LogisticRegression,118,30,0.6901820187534473,0.6704376100799351,0.6458333333333334,0.6088560885608856,0.6273764258555133,0.6179775280898876,0.6162642234787368,207,106,98,165,"['caidas_1', 'intentos_totales_elasto', 'manganeso_sangre_nmol_l', 'peso_kg', 'tiempo_seg_cond1', 'ratio_albumina_creatinina', 'pulso', 'hemoglobina_g_dl', 'estado_examen_balance_1', 'cadmio_sangre_nmol_l', 'leucocitos_totales', 'raza_etnia_7.0', 'ratio_iqr_mediana', 'elegibilidad_balance_1', 'edad_an', 'eosinofilos_abs', 'plaquetas_totales', 'tamano_manguito_pa_3.0', 'largo_brazo_superior_cm', 'genero_1', ""tipo_sonda_elasto_b'XL'"", 'plomo_sangre_umol_l', 'fracturas_1', 'hdl_mmol_l', 'creatinina_orina_umol_l', 'medicacion_osteoporosis_1', 'neutrofilos_abs', 'linfocitos_abs', 'raza_etnia_4.0', 'trigliceridos_mmol_l']"
LogisticRegression,145,30,0.6901820187534473,0.6704376100799351,0.6458333333333334,0.6088560885608856,0.6273764258555133,0.6179775280898876,0.6162642234787368,207,106,98,165,"[""tipo_sonda_elasto_b'XL'"", 'caidas_1', 'ratio_albumina_creatinina', 'manganeso_sangre_nmol_l', 'intentos_totales_elasto', 'genero_1', 'trigliceridos_mmol_l', 'tiempo_seg_cond1', 'neutrofilos_abs', 'plomo_sangre_umol_l', 'hemoglobina_g_dl', 'pulso', 'linfocitos_abs', 'fracturas_1', 'cadmio_sangre_nmol_l', 'hdl_mmol_l', 'eosinofilos_abs', 'raza_etnia_7.0', 'plaquetas_totales', 'medicacion_osteoporosis_1', 'leucocitos_totales', 'raza_etnia_4.0', 'estado_examen_balance_1', 'largo_brazo_superior_cm', 'edad_an', 'tamano_manguito_pa_3.0', 'peso_kg', 'elegibilidad_balance_1', 'ratio_iqr_mediana', 'creatinina_orina_umol_l']"
SVC,144,32,0.6508089722375436,0.6951903536106219,0.6284722222222222,0.5808580858085809,0.6692015209125475,0.6219081272084805,0.6161954598501675,186,127,87,176,"['peso_kg', 'estado_examen_balance_1', 'selenio_sangre_umol_l', 'linfocitos_abs', 'hemoglobina_g_dl', 'albumina_orina_mg_l', 'trigliceridos_mmol_l', 'raza_etnia_3.0', 'caidas_1', 'rigidez_iqr', 'leucocitos_totales', 'edad_an', 'largo_pierna_superior_cm', 'altura_cm', 'volumen_plaquetario_medio', 'plaquetas_totales', 'convulsiones_1', 'estado_elastografia_1', 'eritrocitos_totales', 'hdl_mmol_l', 'tiempo_seg_cond4', 'tamano_manguito_pa_3.0', 'pulso', 'eosinofilos_abs', 'psu', 'cap_iqr', 'imc', 'toma_suplementos_1', 'volumen_corpuscular_medio', 'elegibilidad_balance_1', 'medicacion_osteoporosis_1', 'monocitos_abs']"
LogisticRegression,136,31,0.6915425629711345,0.667131824955968,0.6440972222222222,0.6058394160583942,0.6311787072243346,0.6182495344506518,0.6159751325247703,205,108,97,166,"['largo_brazo_superior_cm', 'pulso', 'tiempo_seg_cond1', 'hemoglobina_g_dl', 'medicacion_osteoporosis_1', 'manganeso_sangre_nmol_l', 'creatinina_orina_umol_l', 'plaquetas_totales', 'eosinofilos_abs', 'ratio_albumina_creatinina', 'neutrofilos_abs', 'caidas_1', 'hdl_mmol_l', 'plomo_sangre_umol_l', 'cadmio_sangre_nmol_l', 'estado_examen_balance_1', 'linfocitos_abs', 'fracturas_1', 'leucocitos_totales', 'raza_etnia_4.0', 'elegibilidad_balance_1', 'trigliceridos_mmol_l', 'peso_kg', 'raza_etnia_7.0', ""tipo_sonda_elasto_b'M'"", ""tipo_sonda_elasto_b'XL'"", 'genero_1', 'edad_an', 'intentos_totales_elasto', 'ratio_iqr_mediana', 'tamano_manguito_pa_3.0']"
LogisticRegression,106,4,0.20241772384629528,0.8319739872645983,0.5104166666666666,0.4789356984478936,0.8212927756653993,0.6050420168067226,0.6158785293348958,78,235,47,216,"['estado_elastografia_1', 'caidas_1', 'raza_etnia_2.0', 'medicacion_osteoporosis_1']"
LogisticRegression,134,4,0.20241772384629528,0.8319739872645983,0.5104166666666666,0.4789356984478936,0.8212927756653993,0.6050420168067226,0.6158785293348958,78,235,47,216,"['estado_elastografia_1', 'medicacion_osteoporosis_1', 'caidas_1', 'raza_etnia_2.0']"
LogisticRegression,25,2,0.171143592572164,0.8599376778214335,0.4913194444444444,0.46808510638297873,0.8365019011406845,0.6002728512960437,0.615451824286061,63,250,43,220,"['caidas_1', 'raza_etnia_2.0']"
LogisticRegression,36,2,0.171143592572164,0.8599376778214335,0.4913194444444444,0.46808510638297873,0.8365019011406845,0.6002728512960437,0.615451824286061,63,250,43,220,"['raza_etnia_2.0', 'caidas_1']"
LogisticRegression,46,4,0.22005883434454865,0.817165695705189,0.5086805555555556,0.4778761061946903,0.8212927756653993,0.6041958041958042,0.6152427739829739,77,236,47,216,"['raza_etnia_2.0', 'fracturas_1', 'convulsiones_1', 'medicacion_osteoporosis_1']"
LogisticRegression,117,4,0.22005883434454865,0.817165695705189,0.5086805555555556,0.4778761061946903,0.8212927756653993,0.6041958041958042,0.6152427739829739,77,236,47,216,"['convulsiones_1', 'medicacion_osteoporosis_1', 'fracturas_1', 'raza_etnia_2.0']"
LogisticRegression,53,3,0.1657289943004229,0.864869258908007,0.484375,0.4642857142857143,0.8403041825095057,0.5981055480378891,0.6146931015752308,58,255,42,221,"['estado_examen_balance_1', 'caidas_1', 'raza_etnia_2.0']"
LogisticRegression,54,3,0.1657289943004229,0.864869258908007,0.484375,0.4642857142857143,0.8403041825095057,0.5981055480378891,0.6146931015752308,58,255,42,221,"['estado_examen_balance_1', 'caidas_1', 'raza_etnia_2.0']"
LogisticRegression,138,4,0.28269902555616844,0.7582034954613196,0.5086805555555556,0.4777777777777778,0.8174904942965779,0.603085553997195,0.6136628643852979,78,235,48,215,"['medicacion_osteoporosis_1', 'raza_etnia_2.0', 'caidas_1', 'ratio_albumina_creatinina']"
LogisticRegression,167,4,0.28269902555616844,0.7582034954613196,0.5086805555555556,0.4777777777777778,0.8174904942965779,0.603085553997195,0.6136628643852979,78,235,48,215,"['ratio_albumina_creatinina', 'raza_etnia_2.0', 'caidas_1', 'medicacion_osteoporosis_1']"
SVC,89,11,0.5420113991542563,0.7791627150792576,0.5954861111111112,0.5431034482758621,0.7186311787072244,0.618657937806874,0.613314540448407,154,159,74,189,"['edad_an', 'ratio_albumina_creatinina', 'eosinofilos_abs', 'estado_examen_balance_1', 'trigliceridos_mmol_l', 'toma_suplementos_1', 'cadmio_sangre_nmol_l', 'rigidez_mediana_kpa', 'rigidez_iqr', 'fracturas_1', 'hdl_mmol_l']"
SVC,4,2,0.09916344916344917,0.9043896490990381,0.4461805555555556,0.44509803921568625,0.8631178707224335,0.5873221216041398,0.6123059718183852,30,283,36,227,"['caidas_1', 'fracturas_1']"
SVC,7,2,0.09916344916344917,0.9043896490990381,0.4461805555555556,0.44509803921568625,0.8631178707224335,0.5873221216041398,0.6123059718183852,30,283,36,227,"['caidas_1', 'fracturas_1']"
SVC,179,2,0.09916344916344917,0.9043896490990381,0.4461805555555556,0.44509803921568625,0.8631178707224335,0.5873221216041398,0.6123059718183852,30,283,36,227,"['fracturas_1', 'caidas_1']"
SVC,198,2,0.09916344916344917,0.9043896490990381,0.4461805555555556,0.44509803921568625,0.8631178707224335,0.5873221216041398,0.6123059718183852,30,283,36,227,"['caidas_1', 'fracturas_1']"
SVC,13,4,0.22683397683397682,0.8138734588809104,0.5086805555555556,0.47767857142857145,0.8136882129277566,0.6019690576652602,0.6120824280282455,79,234,49,214,"['estado_examen_balance_1', 'medicacion_osteoporosis_1', 'fracturas_1', 'raza_etnia_2.0']"
SVC,18,4,0.22683397683397682,0.8138734588809104,0.5086805555555556,0.47767857142857145,0.8136882129277566,0.6019690576652602,0.6120824280282455,79,234,49,214,"['medicacion_osteoporosis_1', 'raza_etnia_2.0', 'fracturas_1', 'estado_examen_balance_1']"
SVC,86,28,0.6439786725501011,0.7214876033057852,0.6267361111111112,0.5805369127516778,0.6577946768060836,0.6167557932263814,0.6114400183734402,188,125,90,173,"['eosinofilos_abs', 'albumina_orina_mg_l', 'tiempo_seg_cond4', 'convulsiones_1', 'rigidez_mediana_kpa', 'monocitos_abs', 'trigliceridos_mmol_l', 'altura_cm', 'imc', 'intentos_totales_elasto', 'fracturas_1', 'elegibilidad_balance_1', 'hemoglobina_g_dl', 'cap_iqr', 'tamano_manguito_pa_5.0', 'selenio_sangre_umol_l', 'edad_an', 'toma_suplementos_1', 'hdl_mmol_l', 'raza_etnia_3.0', 'psu', 'pulso', 'largo_pierna_superior_cm', 'medicacion_osteoporosis_1', 'rigidez_iqr', 'plaquetas_totales', 'raza_etnia_4.0', ""tipo_sonda_elasto_b'XL'""]"
LogisticRegression,154,4,0.20108475822761535,0.8336133315268933,0.5017361111111112,0.473568281938326,0.8174904942965779,0.599721059972106,0.6111371668816268,74,239,48,215,"['estado_examen_balance_1', 'caidas_1', 'medicacion_osteoporosis_1', 'raza_etnia_2.0']"
LogisticRegression,171,4,0.20108475822761535,0.8336133315268933,0.5017361111111112,0.473568281938326,0.8174904942965779,0.599721059972106,0.6111371668816268,74,239,48,215,"['caidas_1', 'estado_examen_balance_1', 'medicacion_osteoporosis_1', 'raza_etnia_2.0']"
LogisticRegression,50,4,0.1997242140099283,0.8336268798265817,0.5052083333333334,0.47555555555555556,0.8136882129277566,0.6002805049088359,0.610808618504436,77,236,49,214,"['convulsiones_1', 'raza_etnia_2.0', 'caidas_1', 'medicacion_osteoporosis_1']"
LogisticRegression,163,4,0.1997242140099283,0.8336268798265817,0.5052083333333334,0.47555555555555556,0.8136882129277566,0.6002805049088359,0.610808618504436,77,236,49,214,"['medicacion_osteoporosis_1', 'raza_etnia_2.0', 'convulsiones_1', 'caidas_1']"
SVC,11,4,0.1861095789667218,0.8435306868987942,0.5052083333333334,0.47555555555555556,0.8136882129277566,0.6002805049088359,0.610808618504436,77,236,49,214,"['medicacion_osteoporosis_1', 'raza_etnia_7.0', 'caidas_1', 'raza_etnia_2.0']"
SVC,20,3,0.19971502114359257,0.8385720092128437,0.5052083333333334,0.47555555555555556,0.8136882129277566,0.6002805049088359,0.610808618504436,77,236,49,214,"['caidas_1', 'medicacion_osteoporosis_1', 'raza_etnia_2.0']"
SVC,45,3,0.19971502114359257,0.8385720092128437,0.5052083333333334,0.47555555555555556,0.8136882129277566,0.6002805049088359,0.610808618504436,77,236,49,214,"['medicacion_osteoporosis_1', 'raza_etnia_2.0', 'caidas_1']"
SVC,94,9,0.5556628056628056,0.7726866278282075,0.6006944444444444,0.5489614243323442,0.7034220532319392,0.6166666666666667,0.6107456758921822,161,152,78,185,"['raza_etnia_6.0', 'rigidez_iqr', 'medicacion_osteoporosis_1', 'ratio_iqr_mediana', 'edad_an', 'monocitos_abs', 'trigliceridos_mmol_l', 'eritrocitos_totales', 'peso_kg']"
SVC,46,26,0.6711987497701783,0.6540848123560494,0.6423611111111112,0.6075471698113207,0.6121673003802282,0.6098484848484849,0.6093952220388836,209,104,102,161,"['volumen_plaquetario_medio', 'cadmio_sangre_nmol_l', 'peso_kg', 'intentos_totales_elasto', 'tiempo_seg_cond3', 'volumen_corpuscular_medio', 'plaquetas_totales', 'medicacion_osteoporosis_1', 'hdl_mmol_l', 'eritrocitos_totales', 'manganeso_sangre_nmol_l', 'tamano_manguito_pa_5.0', 'ratio_iqr_mediana', 'trigliceridos_mmol_l', ""tipo_sonda_elasto_b'M'"", 'elegibilidad_balance_1', 'convulsiones_1', 'rigidez_mediana_kpa', 'raza_etnia_2.0', 'neutrofilos_abs', 'periodo_examen_1', 'pulso', 'raza_etnia_3.0', 'toma_suplementos_1', 'rigidez_iqr', 'ratio_pobreza']"
SVC,82,23,0.6630906416620702,0.6623086302669015,0.6302083333333334,0.5868055555555556,0.6425855513307985,0.6134301270417423,0.6091175538656528,194,119,94,169,"['tamano_manguito_pa_5.0', 'trigliceridos_mmol_l', 'volumen_plaquetario_medio', 'toma_suplementos_1', 'leucocitos_totales', ""tipo_sonda_elasto_b'M'"", 'raza_etnia_2.0', 'intentos_totales_elasto', 'pulso', 'manganeso_sangre_nmol_l', 'fracturas_1', 'elegibilidad_balance_1', 'monocitos_abs', 'cadmio_sangre_nmol_l', 'ratio_iqr_mediana', 'ancho_distribucion_eritrocitos', 'tiempo_seg_cond3', 'medicacion_osteoporosis_1', 'volumen_corpuscular_medio', 'eritrocitos_totales', 'peso_kg', 'hdl_mmol_l', 'plaquetas_totales']"
SVC,72,30,0.6453851810994669,0.7149166779569164,0.6163194444444444,0.567741935483871,0.6692015209125475,0.6143106457242583,0.6083257696553416,179,134,87,176,"['tamano_manguito_pa_5.0', 'albumina_orina_mg_l', 'raza_etnia_3.0', 'toma_suplementos_1', 'edad_an', 'rigidez_iqr', 'cap_iqr', 'convulsiones_1', 'ratio_albumina_creatinina', 'medicacion_osteoporosis_1', 'cadmio_sangre_nmol_l', 'linfocitos_abs', 'intentos_totales_elasto', 'imc', 'plaquetas_totales', 'elegibilidad_balance_1', 'pulso', 'mercurio_sangre_nmol_l', 'selenio_sangre_umol_l', 'eosinofilos_abs', 'monocitos_abs', ""tipo_sonda_elasto_b'XL'"", 'raza_etnia_4.0', 'psu', 'altura_cm', 'largo_pierna_superior_cm', 'hdl_mmol_l', 'hemoglobina_g_dl', 'trigliceridos_mmol_l', 'fracturas_1']"
SVC,125,25,0.661702518845376,0.6623492751659666,0.6388888888888888,0.6022304832713755,0.6159695817490495,0.6090225563909775,0.6077261226624451,206,107,101,162,"['raza_etnia_2.0', 'toma_suplementos_1', 'pulso', 'intentos_totales_elasto', 'monocitos_abs', 'hdl_mmol_l', 'ratio_iqr_mediana', 'tiempo_seg_cond3', 'raza_etnia_3.0', 'plaquetas_totales', 'neutrofilos_abs', 'ldl_martin_mmol_l', 'manganeso_sangre_nmol_l', 'elegibilidad_balance_1', 'eritrocitos_totales', 'cadmio_sangre_nmol_l', 'volumen_plaquetario_medio', 'tamano_manguito_pa_5.0', 'convulsiones_1', 'trigliceridos_mmol_l', 'rigidez_mediana_kpa', 'peso_kg', 'tamano_manguito_pa_4.0', 'periodo_examen_1', 'rigidez_iqr']"
SVC,41,26,0.6766776981062695,0.6459422842433274,0.6371527777777778,0.5992647058823529,0.6197718631178707,0.6093457943925233,0.60746756877656,204,109,100,163,"['trigliceridos_mmol_l', 'volumen_corpuscular_medio', 'neutrofilos_abs', 'manganeso_sangre_nmol_l', 'convulsiones_1', 'rigidez_mediana_kpa', 'eritrocitos_totales', 'toma_suplementos_1', 'intentos_totales_elasto', 'tamano_manguito_pa_3.0', 'conc_hemoglobina_media', 'elegibilidad_balance_1', 'cadmio_sangre_nmol_l', 'medicacion_osteoporosis_1', 'volumen_plaquetario_medio', 'hdl_mmol_l', 'pulso', 'periodo_examen_1', 'plaquetas_totales', 'peso_kg', 'raza_etnia_3.0', 'ratio_iqr_mediana', 'tamano_manguito_pa_5.0', ""tipo_sonda_elasto_b'M'"", 'ratio_pobreza', 'caidas_1']"
SVC,130,28,0.6507813936385365,0.7033193334236554,0.6180555555555556,0.5704918032786885,0.6615969581749049,0.6126760563380281,0.6069338652371751,182,131,89,174,"['leucocitos_totales', 'raza_etnia_3.0', 'elegibilidad_balance_1', ""tipo_sonda_elasto_b'XL'"", 'tamano_manguito_pa_5.0', 'altura_cm', 'rigidez_iqr', 'trigliceridos_mmol_l', 'medicacion_osteoporosis_1', 'intentos_totales_elasto', 'monocitos_abs', 'raza_etnia_4.0', 'plaquetas_totales', 'edad_an', 'hemoglobina_g_dl', 'toma_suplementos_1', 'mercurio_sangre_nmol_l', 'largo_pierna_superior_cm', 'imc', 'cap_iqr', 'pulso', 'tiempo_seg_cond4', 'psu', 'hdl_mmol_l', 'selenio_sangre_umol_l', 'convulsiones_1', 'albumina_orina_mg_l', 'eosinofilos_abs']"
SVC,93,20,0.6194888766317337,0.7462132502370953,0.6232638888888888,0.5777027027027027,0.6501901140684411,0.6118067978533095,0.6066976672489981,188,125,92,171,"['raza_etnia_7.0', 'eosinofilos_abs', 'tamano_manguito_pa_3.0', 'genero_1', 'ratio_iqr_mediana', 'ratio_albumina_creatinina', 'caidas_1', ""tipo_sonda_elasto_b'XL'"", 'convulsiones_1', 'tamano_manguito_pa_5.0', 'rigidez_iqr', 'pais_nacimiento_1', 'trigliceridos_mmol_l', 'rigidez_mediana_kpa', 'pulso', 'plaquetas_totales', 'periodo_examen_1', 'edad_an', 'imc', 'hdl_mmol_l']"
SVC,63,22,0.6548722191579335,0.6804498035496545,0.6284722222222222,0.5865724381625441,0.6311787072243346,0.608058608058608,0.6044149457872603,196,117,97,166,"['periodo_examen_1', 'raza_etnia_3.0', 'convulsiones_1', 'hdl_mmol_l', 'elegibilidad_balance_1', 'genero_1', 'caidas_1', 'peso_kg', 'plaquetas_totales', 'conc_hemoglobina_media', 'volumen_plaquetario_medio', 'fracturas_1', 'medicacion_osteoporosis_1', ""tipo_sonda_elasto_b'M'"", 'cadmio_sangre_nmol_l', 'tamano_manguito_pa_5.0', 'trigliceridos_mmol_l', 'rigidez_mediana_kpa', 'pulso', 'albumina_orina_mg_l', 'ratio_pobreza', 'ratio_iqr_mediana']"
LogisticRegression,121,26,0.6929306857878287,0.6655331255927381,0.6354166666666666,0.599250936329588,0.6083650190114068,0.6037735849056604,0.6028965694023155,206,107,103,160,"['creatinina_orina_umol_l', 'ratio_iqr_mediana', 'trigliceridos_mmol_l', 'medidas_validas_elasto', 'rigidez_mediana_kpa', 'edad_an', 'convulsiones_1', 'hdl_mmol_l', 'caidas_1', 'elegibilidad_balance_1', 'hemoglobina_g_dl', 'ratio_albumina_creatinina', 'intentos_totales_elasto', 'peso_kg', 'eosinofilos_abs', 'plomo_sangre_umol_l', 'raza_etnia_7.0', 'pulso', ""tipo_sonda_elasto_b'XL'"", 'linfocitos_abs', 'neutrofilos_abs', 'raza_etnia_4.0', 'proteina_c_reactiva_mg_l', 'estado_elastografia_1', 'mercurio_sangre_nmol_l', 'medicacion_osteoporosis_1']"
SVC,96,23,0.6317521603235889,0.7396829697872918,0.6111111111111112,0.5635179153094463,0.6577946768060836,0.6070175438596491,0.6012286199081012,179,134,90,173,"['genero_1', ""tipo_sonda_elasto_b'XL'"", 'edad_an', 'periodo_examen_1', 'ratio_albumina_creatinina', 'altura_cm', 'pulso', 'raza_etnia_7.0', 'tamano_manguito_pa_3.0', 'imc', 'trigliceridos_mmol_l', 'hdl_mmol_l', 'caidas_1', 'rigidez_iqr', 'cadmio_sangre_nmol_l', 'medicacion_osteoporosis_1', 'toma_suplementos_1', 'tiempo_seg_cond3', 'eosinofilos_abs', 'psu', 'tamano_manguito_pa_5.0', 'plaquetas_totales', 'raza_etnia_3.0']"
LogisticRegression,168,27,0.6902371759514617,0.6671589215553448,0.6336805555555556,0.5977443609022557,0.6045627376425855,0.6011342155009451,0.6004717115983875,206,107,104,159,"['edad_an', 'hemoglobina_g_dl', 'ratio_albumina_creatinina', 'eosinofilos_abs', 'mercurio_sangre_nmol_l', 'raza_etnia_7.0', 'caidas_1', 'neutrofilos_abs', 'proteina_c_reactiva_mg_l', 'fracturas_1', 'medicacion_osteoporosis_1', 'plomo_sangre_umol_l', 'convulsiones_1', 'pais_nacimiento_1', 'creatinina_orina_umol_l', 'peso_kg', 'peso_flebotomia', ""tipo_sonda_elasto_b'XL'"", 'elegibilidad_balance_1', 'tiempo_seg_cond4', 'pulso', 'cadmio_sangre_nmol_l', 'volumen_corpuscular_medio', 'ratio_iqr_mediana', 'trigliceridos_mmol_l', 'hdl_mmol_l', 'intentos_totales_elasto']"
LogisticRegression,175,26,0.6902187902187902,0.6671860181547216,0.6319444444444444,0.5947955390334573,0.6083650190114068,0.6015037593984962,0.6002233310246371,204,109,103,160,"['albumina_orina_mg_l', 'rigidez_mediana_kpa', 'pulso', 'ratio_iqr_mediana', 'medicacion_osteoporosis_1', 'eosinofilos_abs', 'hemoglobina_g_dl', 'plomo_sangre_umol_l', 'creatinina_orina_umol_l', 'edad_an', 'convulsiones_1', 'intentos_totales_elasto', 'caidas_1', 'hdl_mmol_l', 'trigliceridos_mmol_l', 'peso_kg', 'peso_flebotomia', 'ratio_albumina_creatinina', ""tipo_sonda_elasto_b'XL'"", 'raza_etnia_4.0', 'proteina_c_reactiva_mg_l', 'elegibilidad_balance_1', 'linfocitos_abs', 'mercurio_sangre_nmol_l', 'raza_etnia_7.0', 'neutrofilos_abs']"
SVC,44,3,0.22004044861187716,0.8187779433681074,0.4861111111111111,0.46373626373626375,0.8022813688212928,0.5877437325905293,0.5991543057702753,69,244,52,211,"['raza_etnia_2.0', 'caidas_1', 'fracturas_1']"
SVC,92,3,0.22004044861187716,0.8187779433681074,0.4861111111111111,0.46373626373626375,0.8022813688212928,0.5877437325905293,0.5991543057702753,69,244,52,211,"['fracturas_1', 'caidas_1', 'raza_etnia_2.0']"
LogisticRegression,20,3,0.25828277256848686,0.7709659937677821,0.5190972222222222,0.48333333333333334,0.7718631178707225,0.5944363103953147,0.598745247148289,96,217,60,203,"['manganeso_sangre_nmol_l', 'raza_etnia_2.0', 'medicacion_osteoporosis_1']"
LogisticRegression,108,3,0.25828277256848686,0.7709659937677821,0.5190972222222222,0.48333333333333334,0.7718631178707225,0.5944363103953147,0.598745247148289,96,217,60,203,"['manganeso_sangre_nmol_l', 'medicacion_osteoporosis_1', 'raza_etnia_2.0']"
SVC,110,22,0.6589538518109948,0.6655873187914917,0.6267361111111112,0.5869565217391305,0.6159695817490495,0.601113172541744,0.5985617457430981,199,114,101,162,"['plaquetas_totales', 'volumen_plaquetario_medio', 'elegibilidad_balance_1', 'raza_etnia_2.0', 'trigliceridos_mmol_l', 'aprueba_cond4_1', 'fracturas_1', 'genero_1', 'ratio_pobreza', 'cadmio_sangre_nmol_l', 'linfocitos_abs', 'rigidez_mediana_kpa', 'raza_etnia_3.0', 'medicacion_osteoporosis_1', 'albumina_orina_mg_l', 'pulso', 'caidas_1', 'convulsiones_1', 'peso_kg', ""tipo_sonda_elasto_b'M'"", 'conc_hemoglobina_media', 'hdl_mmol_l']"
SVC,138,30,0.6507722007722008,0.7099309036715892,0.6076388888888888,0.5602605863192183,0.6539923954372624,0.6035087719298246,0.5977533099664359,178,135,91,172,"['psu', 'ratio_albumina_creatinina', 'cap_iqr', 'ratio_iqr_mediana', 'estado_elastografia_1', 'medicacion_osteoporosis_1', ""tipo_sonda_elasto_b'XL'"", 'altura_cm', 'selenio_sangre_umol_l', 'raza_etnia_4.0', 'elegibilidad_balance_1', 'toma_suplementos_1', 'rigidez_iqr', 'mercurio_sangre_nmol_l', 'raza_etnia_3.0', 'eosinofilos_abs', 'cadmio_sangre_nmol_l', 'trigliceridos_mmol_l', 'hdl_mmol_l', 'hemoglobina_g_dl', 'fracturas_1', 'aprueba_cond4_1', 'pulso', 'monocitos_abs', 'edad_an', ""tipo_sonda_elasto_b'M'"", 'plaquetas_totales', 'raza_etnia_2.0', 'imc', 'ancho_distribucion_eritrocitos']"
LogisticRegression,99,4,0.2050928479499908,0.8220295352933208,0.4878472222222222,0.46444444444444444,0.7946768060836502,0.5862552594670407,0.5965373891001268,72,241,54,209,"['raza_etnia_2.0', 'convulsiones_1', 'fracturas_1', 'caidas_1']"
LogisticRegression,160,4,0.2050928479499908,0.8220295352933208,0.4878472222222222,0.46444444444444444,0.7946768060836502,0.5862552594670407,0.5965373891001268,72,241,54,209,"['convulsiones_1', 'fracturas_1', 'raza_etnia_2.0', 'caidas_1']"
SVC,68,22,0.6372127229270086,0.7297114212166372,0.6076388888888888,0.5610561056105611,0.6463878326996197,0.6007067137809188,0.5951887964461846,180,133,93,170,"['hdl_mmol_l', 'trigliceridos_mmol_l', 'peso_kg', 'edad_an', 'ratio_albumina_creatinina', 'tamano_manguito_pa_3.0', 'raza_etnia_7.0', 'rigidez_iqr', 'eosinofilos_abs', 'pulso', 'raza_etnia_3.0', 'tamano_manguito_pa_5.0', 'imc', 'periodo_examen_1', 'toma_suplementos_1', ""tipo_sonda_elasto_b'XL'"", 'plaquetas_totales', 'tiempo_seg_cond3', 'medicacion_osteoporosis_1', 'psu', 'cadmio_sangre_nmol_l', 'caidas_1']"
LogisticRegression,23,5,0.39676411104982534,0.7430971413087658,0.5434027777777778,0.5,0.7376425855513308,0.5960061443932412,0.5950570342205324,119,194,69,194,"['ratio_albumina_creatinina', 'tiempo_seg_cond3', 'tamano_manguito_pa_3.0', 'tiempo_seg_cond1', 'raza_etnia_4.0']"
LogisticRegression,27,5,0.39676411104982534,0.7430971413087658,0.5434027777777778,0.5,0.7376425855513308,0.5960061443932412,0.5950570342205324,119,194,69,194,"['tiempo_seg_cond3', 'raza_etnia_4.0', 'ratio_albumina_creatinina', 'tiempo_seg_cond1', 'tamano_manguito_pa_3.0']"
LogisticRegression,3,5,0.3817889317889318,0.7579731743666172,0.5451388888888888,0.5012987012987012,0.7338403041825095,0.595679012345679,0.5943153424522245,121,192,70,193,"['tamano_manguito_pa_3.0', 'ratio_albumina_creatinina', 'raza_etnia_6.0', 'tiempo_seg_cond1', 'raza_etnia_4.0']"
LogisticRegression,29,5,0.3817889317889318,0.7579731743666172,0.5451388888888888,0.5012987012987012,0.7338403041825095,0.595679012345679,0.5943153424522245,121,192,70,193,"['raza_etnia_6.0', 'ratio_albumina_creatinina', 'raza_etnia_4.0', 'tiempo_seg_cond1', 'tamano_manguito_pa_3.0']"
SVC,78,20,0.6099834528405956,0.7495190353610621,0.6059027777777778,0.5592105263157895,0.6463878326996197,0.599647266313933,0.5940814488693216,179,134,93,170,"['toma_suplementos_1', 'edad_an', 'periodo_examen_1', 'caidas_1', 'rigidez_iqr', 'hdl_mmol_l', 'genero_1', 'plaquetas_totales', 'rigidez_mediana_kpa', 'tiempo_seg_cond3', 'convulsiones_1', 'pulso', 'trigliceridos_mmol_l', 'eosinofilos_abs', ""tipo_sonda_elasto_b'XL'"", 'ratio_albumina_creatinina', 'ratio_iqr_mediana', 'tamano_manguito_pa_3.0', 'raza_etnia_7.0', 'imc']"
LogisticRegression,94,4,0.20781393638536497,0.8220159869936323,0.4809027777777778,0.46017699115044247,0.7908745247148289,0.5818181818181818,0.5924560045761971,69,244,55,208,"['caidas_1', 'estado_examen_balance_1', 'raza_etnia_2.0', 'fracturas_1']"
LogisticRegression,107,4,0.20781393638536497,0.8220159869936323,0.4809027777777778,0.46017699115044247,0.7908745247148289,0.5818181818181818,0.5924560045761971,69,244,55,208,"['raza_etnia_2.0', 'fracturas_1', 'estado_examen_balance_1', 'caidas_1']"
SVC,6,4,0.24316050744622175,0.7973987264598292,0.4982638888888889,0.4700460829493088,0.7756653992395437,0.5853658536585366,0.5922938094654028,83,230,59,204,"['fracturas_1', 'caidas_1', 'raza_etnia_2.0', 'medicacion_osteoporosis_1']"
SVC,26,4,0.24316050744622175,0.7973987264598292,0.4982638888888889,0.4700460829493088,0.7756653992395437,0.5853658536585366,0.5922938094654028,83,230,59,204,"['raza_etnia_2.0', 'fracturas_1', 'caidas_1', 'medicacion_osteoporosis_1']"
LogisticRegression,76,4,0.3981522338665196,0.739832001083864,0.5434027777777778,0.5,0.7300380228136882,0.5935085007727975,0.5920152091254753,121,192,71,192,"['ratio_albumina_creatinina', 'tamano_manguito_pa_3.0', 'raza_etnia_4.0', 'convulsiones_1']"
LogisticRegression,111,4,0.403557639271925,0.7381791085218805,0.5434027777777778,0.5,0.7300380228136882,0.5935085007727975,0.5920152091254753,121,192,71,192,"['tiempo_seg_cond1', 'tamano_manguito_pa_3.0', 'raza_etnia_4.0', 'ratio_albumina_creatinina']"
LogisticRegression,123,4,0.403557639271925,0.7381791085218805,0.5434027777777778,0.5,0.7300380228136882,0.5935085007727975,0.5920152091254753,121,192,71,192,"['tamano_manguito_pa_3.0', 'raza_etnia_4.0', 'ratio_albumina_creatinina', 'tiempo_seg_cond1']"
LogisticRegression,133,5,0.4130170987313845,0.7348733233979136,0.5434027777777778,0.5,0.7300380228136882,0.5935085007727975,0.5920152091254753,121,192,71,192,"['ratio_albumina_creatinina', 'tiempo_seg_cond1', 'raza_etnia_4.0', 'rigidez_mediana_kpa', 'tamano_manguito_pa_3.0']"
LogisticRegression,153,4,0.3981522338665196,0.739832001083864,0.5434027777777778,0.5,0.7300380228136882,0.5935085007727975,0.5920152091254753,121,192,71,192,"['convulsiones_1', 'tamano_manguito_pa_3.0', 'raza_etnia_4.0', 'ratio_albumina_creatinina']"
LogisticRegression,8,5,0.24453024453024455,0.7940387481371088,0.5034722222222222,0.47306791569086654,0.7680608365019012,0.5855072463768116,0.5910650840152805,88,225,61,202,"['caidas_1', 'ratio_albumina_creatinina', 'medicacion_osteoporosis_1', 'raza_etnia_2.0', 'fracturas_1']"
LogisticRegression,92,5,0.24453024453024455,0.7940387481371088,0.5034722222222222,0.47306791569086654,0.7680608365019012,0.5855072463768116,0.5910650840152805,88,225,61,202,"['ratio_albumina_creatinina', 'fracturas_1', 'medicacion_osteoporosis_1', 'raza_etnia_2.0', 'caidas_1']"
SVC,112,21,0.6277072991358705,0.7429481100121935,0.5989583333333334,0.551948051948052,0.6463878326996197,0.5954465849387041,0.5897239642486791,175,138,93,170,"['medicacion_osteoporosis_1', 'toma_suplementos_1', 'imc', 'trigliceridos_mmol_l', 'raza_etnia_3.0', 'periodo_examen_1', 'plaquetas_totales', 'altura_cm', 'ratio_albumina_creatinina', 'psu', 'raza_etnia_7.0', 'rigidez_iqr', 'tamano_manguito_pa_5.0', 'pulso', 'hdl_mmol_l', 'caidas_1', 'cadmio_sangre_nmol_l', 'edad_an', 'peso_kg', 'tiempo_seg_cond3', 'eosinofilos_abs']"
SVC,73,16,0.5366519580805296,0.7825497900013548,0.5677083333333334,0.52,0.6920152091254753,0.5938009787928222,0.5888060836501902,145,168,81,182,"['ldl_martin_mmol_l', 'eosinofilos_abs', 'ratio_iqr_mediana', 'rigidez_mediana_kpa', 'genero_1', 'tiempo_seg_cond1', 'estado_examen_balance_1', 'raza_etnia_2.0', 'trigliceridos_mmol_l', 'elegibilidad_balance_1', 'edad_an', 'eritrocitos_totales', 'pais_nacimiento_1', 'periodo_examen_1', 'ratio_albumina_creatinina', 'hdl_mmol_l']"
SVC,97,16,0.5366519580805296,0.7825497900013548,0.5677083333333334,0.52,0.6920152091254753,0.5938009787928222,0.5888060836501902,145,168,81,182,"['periodo_examen_1', 'edad_an', 'ratio_iqr_mediana', 'tiempo_seg_cond1', 'eosinofilos_abs', 'genero_1', 'ratio_albumina_creatinina', 'hdl_mmol_l', 'elegibilidad_balance_1', 'ldl_martin_mmol_l', 'trigliceridos_mmol_l', 'eritrocitos_totales', 'estado_examen_balance_1', 'pais_nacimiento_1', 'raza_etnia_2.0', 'rigidez_mediana_kpa']"
LogisticRegression,79,4,0.2610590182018753,0.7593821975342093,0.5138888888888888,0.4793187347931874,0.7490494296577946,0.5845697329376854,0.5872110127390303,99,214,66,197,"['medicacion_osteoporosis_1', 'raza_etnia_2.0', 'fracturas_1', 'manganeso_sangre_nmol_l']"
LogisticRegression,159,4,0.2610590182018753,0.7593821975342093,0.5138888888888888,0.4793187347931874,0.7490494296577946,0.5845697329376854,0.5872110127390303,99,214,66,197,"['raza_etnia_2.0', 'medicacion_osteoporosis_1', 'manganeso_sangre_nmol_l', 'fracturas_1']"
LogisticRegression,12,3,0.464726971869829,0.6937406855439642,0.5572916666666666,0.5111111111111111,0.6996197718631179,0.5906902086677368,0.5865145754119139,137,176,79,184,"['tamano_manguito_pa_3.0', 'cadmio_sangre_nmol_l', 'intentos_totales_elasto']"
SVC,42,24,0.6942636514065086,0.6228017883755589,0.6267361111111112,0.594488188976378,0.5741444866920152,0.5841392649903289,0.5863507080626329,210,103,112,151,"['intentos_totales_elasto', 'ratio_pobreza', 'albumina_orina_mg_l', 'toma_suplementos_1', 'plaquetas_totales', 'hdl_mmol_l', 'ratio_iqr_mediana', 'cadmio_sangre_nmol_l', 'tamano_manguito_pa_5.0', 'periodo_examen_1', 'volumen_corpuscular_medio', 'tamano_manguito_pa_3.0', 'caidas_1', 'elegibilidad_balance_1', 'volumen_plaquetario_medio', 'rigidez_mediana_kpa', 'ratio_albumina_creatinina', 'eritrocitos_totales', 'conc_hemoglobina_media', 'raza_etnia_3.0', 'raza_etnia_6.0', ""tipo_sonda_elasto_b'M'"", 'pulso', 'peso_kg']"
SVC,111,29,0.6834344548630262,0.6407939303617396,0.6215277777777778,0.5855513307984791,0.5855513307984791,0.5855513307984791,0.5855513307984791,204,109,109,154,"['convulsiones_1', 'altura_cm', 'medicacion_osteoporosis_1', 'eosinofilos_abs', 'plaquetas_totales', 'tamano_manguito_pa_5.0', 'rigidez_iqr', 'volumen_corpuscular_medio', 'hemoglobina_g_dl', 'ratio_albumina_creatinina', 'peso_flebotomia', 'raza_etnia_3.0', ""tipo_sonda_elasto_b'M'"", 'toma_suplementos_1', 'ratio_iqr_mediana', 'intentos_totales_elasto', 'elegibilidad_balance_1', 'cap_mediana_db_m', 'raza_etnia_4.0', 'cadmio_sangre_nmol_l', 'tamano_manguito_pa_4.0', 'hdl_mmol_l', 'estado_elastografia_1', 'tiempo_seg_cond4', 'monocitos_abs', 'imc', 'albumina_orina_mg_l', 'pulso', 'cap_iqr']"
SVC,113,31,0.6467273395844824,0.7116244411326379,0.6024305555555556,0.5574324324324325,0.6273764258555133,0.590339892665474,0.5854100298016649,182,131,98,165,"['fracturas_1', 'linfocitos_abs', 'monocitos_abs', 'hemoglobina_g_dl', 'largo_pierna_superior_cm', 'trigliceridos_mmol_l', 'eosinofilos_abs', 'toma_suplementos_1', 'tamano_manguito_pa_4.0', 'estado_elastografia_1', 'intentos_totales_elasto', 'tamano_manguito_pa_5.0', 'plaquetas_totales', 'imc', 'volumen_plaquetario_medio', 'volumen_corpuscular_medio', 'albumina_orina_mg_l', 'estado_examen_balance_1', 'pulso', 'caidas_1', 'convulsiones_1', 'raza_etnia_3.0', 'tiempo_seg_cond4', 'hdl_mmol_l', 'selenio_sangre_umol_l', 'medicacion_osteoporosis_1', 'tamano_manguito_pa_3.0', 'aprueba_cond4_1', 'edad_an', 'rigidez_iqr', 'cap_iqr']"
LogisticRegression,113,4,0.4306949806949807,0.7266224088876847,0.5381944444444444,0.49606299212598426,0.7186311787072244,0.5869565217391305,0.5850902667584803,121,192,74,189,"['tamano_manguito_pa_5.0', 'cadmio_sangre_nmol_l', 'pais_nacimiento_1', 'tamano_manguito_pa_4.0']"
LogisticRegression,135,4,0.4306949806949807,0.7266224088876847,0.5381944444444444,0.49606299212598426,0.7186311787072244,0.5869565217391305,0.5850902667584803,121,192,74,189,"['tamano_manguito_pa_5.0', 'cadmio_sangre_nmol_l', 'tamano_manguito_pa_4.0', 'pais_nacimiento_1']"
LogisticRegression,140,4,0.41306306306306306,0.7348326784988484,0.5347222222222222,0.4935064935064935,0.7224334600760456,0.5864197530864198,0.5850772801343143,118,195,73,190,"['tamano_manguito_pa_3.0', 'estado_examen_balance_1', 'cadmio_sangre_nmol_l', 'tiempo_seg_cond3']"
LogisticRegression,14,4,0.24477845192130906,0.7742717788917491,0.5121527777777778,0.47804878048780486,0.7452471482889734,0.5824665676077266,0.5849281276082723,99,214,67,196,"['medicacion_osteoporosis_1', 'manganeso_sangre_nmol_l', 'raza_etnia_2.0', 'caidas_1']"
LogisticRegression,141,4,0.24477845192130906,0.7742717788917491,0.5121527777777778,0.47804878048780486,0.7452471482889734,0.5824665676077266,0.5849281276082723,99,214,67,196,"['raza_etnia_2.0', 'caidas_1', 'medicacion_osteoporosis_1', 'manganeso_sangre_nmol_l']"
LogisticRegression,83,5,0.4538518109946681,0.7198618073431784,0.5277777777777778,0.4884910485933504,0.7262357414448669,0.5840978593272171,0.583588925733957,113,200,72,191,"['cadmio_sangre_nmol_l', 'tamano_manguito_pa_3.0', 'ratio_albumina_creatinina', 'raza_etnia_4.0', 'raza_etnia_6.0']"
LogisticRegression,61,33,0.6847674204817061,0.6787156211895407,0.6128472222222222,0.5735294117647058,0.5931558935361216,0.5831775700934579,0.5813800044732722,197,116,107,156,"['tiempo_seg_cond1', 'mercurio_sangre_nmol_l', 'trigliceridos_mmol_l', 'edad_an', 'estado_examen_balance_1', 'medicacion_osteoporosis_1', 'cap_iqr', 'albumina_orina_mg_l', 'linfocitos_abs', 'raza_etnia_4.0', ""tipo_sonda_elasto_b'XL'"", 'ratio_albumina_creatinina', 'monocitos_abs', 'tamano_manguito_pa_3.0', 'genero_1', 'caidas_1', 'hdl_mmol_l', 'largo_brazo_superior_cm', 'ratio_iqr_mediana', 'raza_etnia_2.0', 'proteina_c_reactiva_mg_l', 'elegibilidad_balance_1', 'intentos_totales_elasto', 'eosinofilos_abs', 'creatinina_orina_umol_l', 'plomo_sangre_umol_l', 'neutrofilos_abs', 'peso_kg', 'fracturas_1', 'cadmio_sangre_nmol_l', 'tiempo_seg_cond4', 'raza_etnia_7.0', 'pulso']"
LogisticRegression,65,4,0.43745173745173743,0.7233437203630944,0.5329861111111112,0.4921052631578947,0.7110266159695817,0.5816485225505443,0.5796738042825695,120,193,76,187,"['raza_etnia_7.0', 'cadmio_sangre_nmol_l', 'rigidez_mediana_kpa', 'tamano_manguito_pa_3.0']"
LogisticRegression,89,3,0.4225776797205369,0.7315675382739466,0.5329861111111112,0.4921052631578947,0.7110266159695817,0.5816485225505443,0.5796738042825695,120,193,76,187,"['estado_examen_balance_1', 'tamano_manguito_pa_3.0', 'cadmio_sangre_nmol_l']"
SVC,117,19,0.6970766685052399,0.6160411868310527,0.6180555555555556,0.583011583011583,0.5741444866920152,0.578544061302682,0.5794647444837558,205,108,112,151,"['elegibilidad_balance_1', 'pulso', 'tiempo_seg_cond1', 'cap_mediana_db_m', 'conc_hemoglobina_media', 'ratio_albumina_creatinina', 'psu', 'ratio_pobreza', 'plomo_sangre_umol_l', 'albumina_orina_mg_l', 'genero_1', 'estado_examen_balance_1', 'imc', 'rigidez_iqr', 'raza_etnia_6.0', 'caidas_1', 'ancho_distribucion_eritrocitos', 'peso_flebotomia', 'altura_cm']"
LogisticRegression,33,4,0.26769626769626764,0.7593280043354559,0.4947916666666667,0.4658536585365854,0.7262357414448669,0.5676077265973254,0.570006491699898,94,219,72,191,"['raza_etnia_2.0', 'manganeso_sangre_nmol_l', 'caidas_1', 'fracturas_1']"
LogisticRegression,82,4,0.26769626769626764,0.7593280043354559,0.4947916666666667,0.4658536585365854,0.7262357414448669,0.5676077265973254,0.570006491699898,94,219,72,191,"['raza_etnia_2.0', 'caidas_1', 'manganeso_sangre_nmol_l', 'fracturas_1']"
SVC,121,21,0.7025188453759883,0.6012464435713317,0.6041666666666666,0.5697211155378487,0.5437262357414449,0.556420233463035,0.5593231636192871,205,108,120,143,"['raza_etnia_6.0', 'tamano_manguito_pa_5.0', 'pulso', 'altura_cm', 'estado_examen_balance_1', 'albumina_orina_mg_l', 'psu', 'ratio_albumina_creatinina', 'conc_hemoglobina_media', 'volumen_plaquetario_medio', 'medicacion_osteoporosis_1', 'caidas_1', 'genero_1', 'peso_flebotomia', 'imc', ""tipo_sonda_elasto_b'M'"", 'rigidez_iqr', 'raza_etnia_2.0', 'elegibilidad_balance_1', 'cap_mediana_db_m', 'fracturas_1']"
SVC,37,18,0.6984464055892627,0.6061373797588403,0.6006944444444444,0.5642023346303502,0.5513307984790875,0.5576923076923077,0.5590537201698451,201,112,118,145,"['rigidez_iqr', 'psu', 'genero_1', 'ratio_albumina_creatinina', 'ancho_distribucion_eritrocitos', 'raza_etnia_6.0', 'peso_flebotomia', 'albumina_orina_mg_l', 'ratio_pobreza', 'plomo_sangre_umol_l', 'cap_mediana_db_m', 'conc_hemoglobina_media', 'imc', 'estado_examen_balance_1', 'pulso', 'altura_cm', 'caidas_1', 'tiempo_seg_cond1']"
SVC,80,17,0.7065545136973709,0.5929548841620376,0.5972222222222222,0.5603112840466926,0.5475285171102662,0.5538461538461539,0.555198177272122,200,113,119,144,"['hdl_mmol_l', 'raza_etnia_3.0', 'cap_mediana_db_m', 'selenio_sangre_umol_l', 'conc_hemoglobina_media', 'peso_kg', 'toma_suplementos_1', 'raza_etnia_7.0', 'pulso', 'raza_etnia_2.0', 'elegibilidad_balance_1', 'periodo_examen_1', 'plaquetas_totales', 'fracturas_1', 'psu', 'estado_examen_balance_1', 'genero_1']"
SVC,98,21,0.7106453392167678,0.5815336675247257,0.6024305555555556,0.5702479338842975,0.5247148288973384,0.5465346534653466,0.5520346918895139,209,104,125,138,"['pulso', ""tipo_sonda_elasto_b'XL'"", 'albumina_orina_mg_l', 'cap_mediana_db_m', 'psu', 'tamano_manguito_pa_5.0', 'medicacion_osteoporosis_1', 'elegibilidad_balance_1', 'ratio_albumina_creatinina', 'volumen_plaquetario_medio', 'fracturas_1', 'peso_flebotomia', 'tamano_manguito_pa_4.0', 'rigidez_iqr', 'raza_etnia_2.0', 'altura_cm', 'hemoglobina_g_dl', 'genero_1', 'caidas_1', ""tipo_sonda_elasto_b'M'"", 'estado_examen_balance_1']"
LogisticRegression,122,10,0.7010939510939511,0.5255385449126135,0.5989583333333334,0.5707964601769911,0.49049429657794674,0.5276073619631901,0.5386755947373734,216,97,134,129,"['medicacion_osteoporosis_1', 'albumina_orina_mg_l', 'tamano_manguito_pa_5.0', 'convulsiones_1', 'fracturas_1', 'trigliceridos_mmol_l', 'cadmio_sangre_nmol_l', 'rigidez_mediana_kpa', 'caidas_1', 'ancho_distribucion_eritrocitos']"
LogisticRegression,162,10,0.7024361095789666,0.5222598563880233,0.5972222222222222,0.5682819383259912,0.49049429657794674,0.5265306122448979,0.5371668816267734,215,98,134,129,"['ratio_albumina_creatinina', 'rigidez_mediana_kpa', 'fracturas_1', 'trigliceridos_mmol_l', 'ancho_distribucion_eritrocitos', 'cadmio_sangre_nmol_l', 'caidas_1', 'albumina_orina_mg_l', 'tamano_manguito_pa_5.0', 'convulsiones_1']"
LogisticRegression,169,10,0.7024361095789666,0.5222598563880233,0.5972222222222222,0.5682819383259912,0.49049429657794674,0.5265306122448979,0.5371668816267734,215,98,134,129,"['cadmio_sangre_nmol_l', 'rigidez_mediana_kpa', 'ancho_distribucion_eritrocitos', 'fracturas_1', 'albumina_orina_mg_l', 'caidas_1', 'tamano_manguito_pa_5.0', 'trigliceridos_mmol_l', 'ratio_albumina_creatinina', 'convulsiones_1']"
LogisticRegression,56,7,0.7282496782496783,0.49593551009348324,0.6041666666666666,0.5829383886255924,0.467680608365019,0.5189873417721519,0.5368352765213631,225,88,140,123,"['trigliceridos_mmol_l', 'tiempo_seg_cond1', 'albumina_orina_mg_l', 'medicacion_osteoporosis_1', 'fracturas_1', 'cadmio_sangre_nmol_l', 'caidas_1']"
LogisticRegression,139,10,0.7037966537966538,0.5173147270017613,0.59375,0.5633187772925764,0.49049429657794674,0.524390243902439,0.5341889850067245,213,100,134,129,"['fracturas_1', 'cadmio_sangre_nmol_l', 'rigidez_mediana_kpa', 'albumina_orina_mg_l', 'tamano_manguito_pa_5.0', 'ancho_distribucion_eritrocitos', 'trigliceridos_mmol_l', 'convulsiones_1', 'caidas_1', 'tamano_hogar']"
SVC,38,10,0.7146993932708219,0.561698956780924,0.5902777777777778,0.5579399141630901,0.49429657794676807,0.5241935483870968,0.5324825796765613,210,103,133,130,"['rigidez_iqr', 'cap_mediana_db_m', 'convulsiones_1', 'pulso', 'fracturas_1', 'albumina_orina_mg_l', 'genero_1', 'tamano_manguito_pa_5.0', 'volumen_plaquetario_medio', 'ratio_albumina_creatinina']"
SVC,120,11,0.7133388490531348,0.5699227746917761,0.5885416666666666,0.5555555555555556,0.49429657794676807,0.5231388329979879,0.5310519645120406,209,104,133,130,"['cap_mediana_db_m', 'fracturas_1', 'albumina_orina_mg_l', 'genero_1', 'rigidez_iqr', 'volumen_plaquetario_medio', 'convulsiones_1', 'tamano_manguito_pa_5.0', 'pulso', 'aprueba_cond4_1', 'ratio_albumina_creatinina']"
SVC,52,6,0.8056260341974628,0.3574989838775234,0.6163194444444444,0.64,0.3650190114068441,0.4648910411622276,0.5300076045627377,259,54,167,96,"['raza_etnia_2.0', 'psu', 'ratio_albumina_creatinina', 'rigidez_mediana_kpa', 'estado_examen_balance_1', 'raza_etnia_4.0']"
SVC,70,17,0.7228626585769443,0.5601002574176941,0.5850694444444444,0.5508474576271186,0.49429657794676807,0.5210420841683366,0.5282271057549783,207,106,133,130,"['periodo_examen_1', ""tipo_sonda_elasto_b'XL'"", 'peso_flebotomia', 'altura_cm', 'albumina_orina_mg_l', 'medicacion_osteoporosis_1', 'elegibilidad_balance_1', 'volumen_plaquetario_medio', 'tamano_manguito_pa_4.0', 'cap_mediana_db_m', 'tamano_manguito_pa_5.0', 'raza_etnia_2.0', 'ratio_albumina_creatinina', 'pulso', 'rigidez_iqr', 'psu', 'imc']"
LogisticRegression,105,8,0.7160783232211804,0.5157295759382198,0.59375,0.5674418604651162,0.46387832699619774,0.5104602510460251,0.5260164470775488,220,93,141,122,"['peso_flebotomia', 'tamano_manguito_pa_5.0', 'caidas_1', 'albumina_orina_mg_l', 'rigidez_mediana_kpa', 'convulsiones_1', 'trigliceridos_mmol_l', 'cadmio_sangre_nmol_l']"
SVC,141,4,0.729720536863394,0.5155263514428939,0.5954861111111112,0.5714285714285714,0.45627376425855515,0.507399577167019,0.5253666485605648,223,90,143,120,"['pais_nacimiento_1', 'pulso', 'cap_mediana_db_m', 'albumina_orina_mg_l']"
LogisticRegression,115,10,0.6944199301342159,0.5436390732963013,0.5902777777777778,0.5610859728506787,0.4714828897338403,0.512396694214876,0.5252447396039434,216,97,139,124,"['cadmio_sangre_nmol_l', 'rigidez_mediana_kpa', 'caidas_1', ""tipo_sonda_elasto_b'XL'"", 'tamano_manguito_pa_5.0', 'albumina_orina_mg_l', 'linfocitos_abs', 'convulsiones_1', 'trigliceridos_mmol_l', 'periodo_examen_1']"
LogisticRegression,87,7,0.6957253171538886,0.527232082373662,0.5868055555555556,0.5560538116591929,0.4714828897338403,0.5102880658436214,0.5222254428890518,214,99,139,124,"['ratio_albumina_creatinina', 'cadmio_sangre_nmol_l', 'peso_flebotomia', 'periodo_examen_1', 'medicacion_osteoporosis_1', 'rigidez_mediana_kpa', 'trigliceridos_mmol_l']"
LogisticRegression,172,7,0.6957253171538886,0.527232082373662,0.5868055555555556,0.5560538116591929,0.4714828897338403,0.5102880658436214,0.5222254428890518,214,99,139,124,"['cadmio_sangre_nmol_l', 'medicacion_osteoporosis_1', 'trigliceridos_mmol_l', 'ratio_albumina_creatinina', 'rigidez_mediana_kpa', 'peso_flebotomia', 'periodo_examen_1']"
SVC,16,4,0.8234234234234235,0.3378268527299824,0.6128472222222222,0.65625,0.3193916349809886,0.4296675191815857,0.5215066539923954,269,44,179,84,"['rigidez_iqr', 'ratio_albumina_creatinina', 'medicacion_osteoporosis_1', 'raza_etnia_4.0']"
LogisticRegression,127,8,0.7365232579518294,0.4398997425823059,0.5972222222222222,0.5786802030456852,0.43346007604562736,0.4956521739130435,0.520592152245662,230,83,149,114,"[""tipo_sonda_elasto_b'XL'"", 'albumina_orina_mg_l', 'ratio_albumina_creatinina', 'rigidez_mediana_kpa', 'tiempo_seg_cond1', 'medicacion_osteoporosis_1', 'raza_etnia_4.0', 'plaquetas_totales']"
SVC,71,12,0.7282864497150212,0.5600460642189405,0.5815972222222222,0.5486725663716814,0.4714828897338403,0.5071574642126789,0.517796695716545,211,102,139,124,"['rigidez_iqr', 'cap_mediana_db_m', 'fracturas_1', 'volumen_plaquetario_medio', 'convulsiones_1', 'pulso', 'ratio_albumina_creatinina', 'tamano_manguito_pa_5.0', 'albumina_orina_mg_l', 'psu', 'ratio_pobreza', 'genero_1']"
LogisticRegression,55,8,0.737865416436845,0.43328817233437206,0.5954861111111112,0.576530612244898,0.4296577946768061,0.4923747276688453,0.5177814852176612,230,83,150,113,"['ratio_albumina_creatinina', 'medicacion_osteoporosis_1', ""tipo_sonda_elasto_b'XL'"", 'albumina_orina_mg_l', 'fracturas_1', 'raza_etnia_4.0', 'plaquetas_totales', 'tamano_manguito_pa_5.0']"
SVC,12,3,0.8872678801250229,0.2504267714401843,0.609375,0.6792452830188679,0.2737642585551331,0.3902439024390244,0.5170528732333739,279,34,191,72,"['rigidez_iqr', 'psu', 'ratio_albumina_creatinina']"
SVC,106,3,0.8872678801250229,0.2504267714401843,0.609375,0.6792452830188679,0.2737642585551331,0.3902439024390244,0.5170528732333739,279,34,191,72,"['rigidez_iqr', 'psu', 'ratio_albumina_creatinina']"
SVC,50,4,0.873671630814488,0.2685272998238721,0.6076388888888888,0.6831683168316832,0.2623574144486692,0.3791208791208791,0.5148439558784776,281,32,194,69,"['ratio_albumina_creatinina', 'rigidez_iqr', 'fracturas_1', 'tiempo_seg_cond2']"
SVC,60,4,0.873671630814488,0.2685272998238721,0.6076388888888888,0.6831683168316832,0.2623574144486692,0.3791208791208791,0.5148439558784776,281,32,194,69,"['ratio_albumina_creatinina', 'tiempo_seg_cond2', 'fracturas_1', 'rigidez_iqr']"
LogisticRegression,22,8,0.7460286817429675,0.42509145102289664,0.59375,0.5751295336787565,0.4220532319391635,0.4868421052631579,0.5138990129829193,231,82,152,111,"['ratio_albumina_creatinina', 'fracturas_1', 'rigidez_mediana_kpa', 'caidas_1', 'raza_etnia_4.0', 'plaquetas_totales', 'medicacion_osteoporosis_1', ""tipo_sonda_elasto_b'XL'""]"
LogisticRegression,85,3,0.7350064350064349,0.4910310256062864,0.5902777777777778,0.5671641791044776,0.43346007604562736,0.49137931034482757,0.5136825378809375,226,87,149,114,"['trigliceridos_mmol_l', 'albumina_orina_mg_l', 'monocitos_abs']"
SVC,29,6,0.8152325795182938,0.35263514428939163,0.6076388888888888,0.6412213740458015,0.3193916349809886,0.4263959390862944,0.5124894784198764,266,47,179,84,"['rigidez_iqr', 'ratio_albumina_creatinina', 'raza_etnia_4.0', 'medicacion_osteoporosis_1', 'fracturas_1', 'caidas_1']"
SVC,59,6,0.8220261077403934,0.34273133721717924,0.6076388888888888,0.6434108527131783,0.3155893536121673,0.42346938775510207,0.5122822530727739,267,46,180,83,"['ratio_albumina_creatinina', 'estado_examen_balance_1', 'raza_etnia_4.0', 'rigidez_iqr', 'fracturas_1', 'caidas_1']"
SVC,21,5,0.8777808420665563,0.2619699227746918,0.6059027777777778,0.6836734693877551,0.25475285171102663,0.37119113573407203,0.5121052223170637,282,31,196,67,"['ratio_iqr_mediana', 'rigidez_iqr', 'caidas_1', 'medicacion_osteoporosis_1', 'ratio_albumina_creatinina']"
LogisticRegression,156,9,0.7011491082919654,0.5239398455493836,0.5885416666666666,0.5643564356435643,0.43346007604562736,0.49032258064516127,0.5119978918043895,225,88,149,114,"['cadmio_sangre_nmol_l', 'rigidez_mediana_kpa', 'periodo_examen_1', 'albumina_orina_mg_l', 'tamano_manguito_pa_5.0', 'trigliceridos_mmol_l', 'volumen_corpuscular_medio', 'ratio_albumina_creatinina', 'convulsiones_1']"
LogisticRegression,37,6,0.7528314028314028,0.41357539628776596,0.59375,0.5767195767195767,0.4144486692015209,0.4823008849557522,0.5118112137123544,233,80,154,109,"['plaquetas_totales', 'caidas_1', ""tipo_sonda_elasto_b'XL'"", 'medicacion_osteoporosis_1', 'rigidez_mediana_kpa', 'raza_etnia_4.0']"
LogisticRegression,120,6,0.7528314028314028,0.41357539628776596,0.59375,0.5767195767195767,0.4144486692015209,0.4823008849557522,0.5118112137123544,233,80,154,109,"['caidas_1', 'raza_etnia_4.0', ""tipo_sonda_elasto_b'XL'"", 'rigidez_mediana_kpa', 'medicacion_osteoporosis_1', 'plaquetas_totales']"
SVC,28,3,0.879123000551572,0.2553177076276928,0.6059027777777778,0.6551724137931034,0.2889733840304182,0.40105540897097625,0.5086928018880293,273,40,187,76,"['albumina_orina_mg_l', 'psu', 'rigidez_iqr']"
SVC,140,3,0.879123000551572,0.2553177076276928,0.6059027777777778,0.6551724137931034,0.2889733840304182,0.40105540897097625,0.5086928018880293,273,40,187,76,"['albumina_orina_mg_l', 'psu', 'rigidez_iqr']"
LogisticRegression,17,2,0.8615002757859902,0.26358217043761006,0.6041666666666666,0.6605504587155964,0.2737642585551331,0.3870967741935484,0.5058359786514111,276,37,191,72,"['rigidez_iqr', 'ratio_albumina_creatinina']"
LogisticRegression,81,2,0.8615002757859902,0.26358217043761006,0.6041666666666666,0.6605504587155964,0.2737642585551331,0.3870967741935484,0.5058359786514111,276,37,191,72,"['rigidez_iqr', 'ratio_albumina_creatinina']"
LogisticRegression,179,2,0.8615002757859902,0.26358217043761006,0.6041666666666666,0.6605504587155964,0.2737642585551331,0.3870967741935484,0.5058359786514111,276,37,191,72,"['rigidez_iqr', 'ratio_albumina_creatinina']"
LogisticRegression,131,8,0.7582919654348226,0.41020186966535704,0.5902777777777778,0.572972972972973,0.40304182509505704,0.4732142857142857,0.5050005138218066,234,79,157,106,"[""tipo_sonda_elasto_b'XL'"", 'plaquetas_totales', 'caidas_1', 'periodo_examen_1', 'ratio_albumina_creatinina', 'medicacion_osteoporosis_1', 'albumina_orina_mg_l', 'tiempo_seg_cond3']"
SVC,62,9,0.7405497334068762,0.5139005554802872,0.5815972222222222,0.553921568627451,0.4296577946768061,0.48394004282655245,0.504216059047193,222,91,150,113,"['pulso', 'toma_suplementos_1', 'fracturas_1', 'rigidez_mediana_kpa', 'ratio_albumina_creatinina', 'periodo_examen_1', 'cap_mediana_db_m', 'rigidez_iqr', 'convulsiones_1']"
LogisticRegression,132,8,0.7432984004412576,0.43324752743530687,0.5868055555555556,0.5654450261780105,0.41064638783269963,0.47577092511013214,0.5035255708398861,230,83,155,108,"[""tipo_sonda_elasto_b'XL'"", 'hdl_mmol_l', 'caidas_1', 'tamano_manguito_pa_5.0', 'rigidez_mediana_kpa', 'plaquetas_totales', 'cadmio_sangre_nmol_l', 'albumina_orina_mg_l']"
LogisticRegression,149,9,0.7364956793528221,0.4431242379081426,0.5815972222222222,0.5544554455445545,0.42585551330798477,0.4817204301075269,0.5030154726499266,223,90,151,112,"['neutrofilos_abs', 'albumina_orina_mg_l', 'fracturas_1', 'rigidez_mediana_kpa', ""tipo_sonda_elasto_b'XL'"", 'convulsiones_1', 'tiempo_seg_cond1', 'medicacion_osteoporosis_1', 'raza_etnia_2.0']"
SVC,66,7,0.8206747563890421,0.3460235740414578,0.6006944444444444,0.6187050359712231,0.3269961977186312,0.42786069651741293,0.5020215006701864,260,53,177,86,"['raza_etnia_4.0', 'estado_examen_balance_1', 'fracturas_1', 'rigidez_iqr', 'medicacion_osteoporosis_1', 'ratio_albumina_creatinina', 'albumina_orina_mg_l']"
SVC,57,4,0.8954403382974812,0.21421216637312016,0.6006944444444444,0.6666666666666666,0.2509505703422053,0.36464088397790057,0.5003802281368821,280,33,197,66,"['psu', 'tiempo_seg_cond3', 'rigidez_iqr', 'ratio_albumina_creatinina']"
SVC,109,4,0.8954403382974812,0.21421216637312016,0.6006944444444444,0.6666666666666666,0.2509505703422053,0.36464088397790057,0.5003802281368821,280,33,197,66,"['ratio_albumina_creatinina', 'rigidez_iqr', 'tiempo_seg_cond3', 'psu']"
SVC,197,4,0.8954403382974812,0.21421216637312016,0.6006944444444444,0.6666666666666666,0.2509505703422053,0.36464088397790057,0.5003802281368821,280,33,197,66,"['rigidez_iqr', 'tiempo_seg_cond3', 'ratio_albumina_creatinina', 'psu']"
SVC,83,3,0.8682662254090825,0.2735130741091993,0.6006944444444444,0.6486486486486487,0.2737642585551331,0.3850267379679144,0.49869489261124245,274,39,191,72,"['elegibilidad_balance_1', 'rigidez_iqr', 'ratio_albumina_creatinina']"
SVC,137,3,0.8682662254090825,0.2735130741091993,0.6006944444444444,0.6486486486486487,0.2737642585551331,0.3850267379679144,0.49869489261124245,274,39,191,72,"['ratio_albumina_creatinina', 'rigidez_iqr', 'elegibilidad_balance_1']"
SVC,39,3,0.8628240485383343,0.28338978458203495,0.6006944444444444,0.6434782608695652,0.2813688212927757,0.3915343915343915,0.49863448503884933,272,41,189,74,"['rigidez_iqr', 'caidas_1', 'ratio_albumina_creatinina']"
SVC,100,2,0.8587516087516086,0.28666847310662513,0.6006944444444444,0.6434782608695652,0.2813688212927757,0.3915343915343915,0.49863448503884933,272,41,189,74,"['rigidez_iqr', 'ratio_albumina_creatinina']"
SVC,126,3,0.8628240485383343,0.28338978458203495,0.6006944444444444,0.6434782608695652,0.2813688212927757,0.3915343915343915,0.49863448503884933,272,41,189,74,"['caidas_1', 'rigidez_iqr', 'ratio_albumina_creatinina']"
SVC,146,2,0.8587516087516086,0.28666847310662513,0.6006944444444444,0.6434782608695652,0.2813688212927757,0.3915343915343915,0.49863448503884933,272,41,189,74,"['ratio_albumina_creatinina', 'rigidez_iqr']"
SVC,159,2,0.8587516087516086,0.28666847310662513,0.6006944444444444,0.6434782608695652,0.2813688212927757,0.3915343915343915,0.49863448503884933,272,41,189,74,"['rigidez_iqr', 'ratio_albumina_creatinina']"
SVC,160,2,0.8587516087516086,0.28666847310662513,0.6006944444444444,0.6434782608695652,0.2813688212927757,0.3915343915343915,0.49863448503884933,272,41,189,74,"['rigidez_iqr', 'ratio_albumina_creatinina']"
SVC,161,2,0.8587516087516086,0.28666847310662513,0.6006944444444444,0.6434782608695652,0.2813688212927757,0.3915343915343915,0.49863448503884933,272,41,189,74,"['ratio_albumina_creatinina', 'rigidez_iqr']"
SVC,163,2,0.8587516087516086,0.28666847310662513,0.6006944444444444,0.6434782608695652,0.2813688212927757,0.3915343915343915,0.49863448503884933,272,41,189,74,"['ratio_albumina_creatinina', 'rigidez_iqr']"
SVC,166,2,0.8587516087516086,0.28666847310662513,0.6006944444444444,0.6434782608695652,0.2813688212927757,0.3915343915343915,0.49863448503884933,272,41,189,74,"['ratio_albumina_creatinina', 'rigidez_iqr']"
SVC,167,2,0.8587516087516086,0.28666847310662513,0.6006944444444444,0.6434782608695652,0.2813688212927757,0.3915343915343915,0.49863448503884933,272,41,189,74,"['rigidez_iqr', 'ratio_albumina_creatinina']"
SVC,189,2,0.8587516087516086,0.28666847310662513,0.6006944444444444,0.6434782608695652,0.2813688212927757,0.3915343915343915,0.49863448503884933,272,41,189,74,"['rigidez_iqr', 'ratio_albumina_creatinina']"
SVC,190,2,0.8587516087516086,0.28666847310662513,0.6006944444444444,0.6434782608695652,0.2813688212927757,0.3915343915343915,0.49863448503884933,272,41,189,74,"['ratio_albumina_creatinina', 'rigidez_iqr']"
SVC,191,3,0.8628240485383343,0.28338978458203495,0.6006944444444444,0.6434782608695652,0.2813688212927757,0.3915343915343915,0.49863448503884933,272,41,189,74,"['ratio_albumina_creatinina', 'rigidez_iqr', 'caidas_1']"
SVC,95,7,0.7445670159955874,0.48267172469855024,0.5833333333333334,0.5614973262032086,0.39923954372623577,0.4666666666666667,0.4965942132124195,231,82,158,105,"['albumina_orina_mg_l', 'pulso', 'rigidez_mediana_kpa', 'raza_etnia_4.0', 'periodo_examen_1', 'psu', 'fracturas_1']"
SVC,22,5,0.8369369369369369,0.33598428397236146,0.5972222222222222,0.6115107913669064,0.3231939163498099,0.4228855721393035,0.49618404136006783,259,54,178,85,"['tiempo_seg_cond3', 'ratio_albumina_creatinina', 'rigidez_mediana_kpa', 'estado_examen_balance_1', 'psu']"
SVC,10,5,0.8954311454311454,0.22729982387210407,0.5989583333333334,0.6509433962264151,0.2623574144486692,0.37398373983739835,0.49550900351531674,276,37,194,69,"['rigidez_iqr', 'albumina_orina_mg_l', 'psu', 'ratio_albumina_creatinina', 'tiempo_seg_cond3']"
SVC,119,5,0.796276889134032,0.3590299417423113,0.5885416666666666,0.5783132530120482,0.3650190114068441,0.44755244755244755,0.49299555636996656,243,70,167,96,"['toma_suplementos_1', 'estado_examen_balance_1', ""tipo_sonda_elasto_b'XL'"", 'ratio_albumina_creatinina', 'albumina_orina_mg_l']"
SVC,139,4,0.7962585034013605,0.3623628234656551,0.5868055555555556,0.5748502994011976,0.3650190114068441,0.44651162790697674,0.49091778420345616,242,71,167,96,"['ratio_albumina_creatinina', 'periodo_examen_1', ""tipo_sonda_elasto_b'M'"", ""tipo_sonda_elasto_b'XL'""]"
SVC,148,4,0.7962585034013605,0.3623628234656551,0.5868055555555556,0.5748502994011976,0.3650190114068441,0.44651162790697674,0.49091778420345616,242,71,167,96,"['periodo_examen_1', ""tipo_sonda_elasto_b'XL'"", 'ratio_albumina_creatinina', ""tipo_sonda_elasto_b'M'""]"
SVC,43,4,0.8533370104798677,0.30650318385042674,0.5954861111111112,0.625,0.28517110266159695,0.391644908616188,0.48906844106463876,268,45,188,75,"['ratio_albumina_creatinina', 'tamano_manguito_pa_5.0', 'rigidez_iqr', 'medicacion_osteoporosis_1']"
LogisticRegression,49,6,0.7895017466446038,0.362362823465655,0.5868055555555556,0.5766871165644172,0.3574144486692015,0.4413145539906103,0.48897804940633094,244,69,169,94,"[""tipo_sonda_elasto_b'XL'"", 'albumina_orina_mg_l', 'plaquetas_totales', 'ratio_pobreza', 'estado_examen_balance_1', 'tamano_manguito_pa_5.0']"
LogisticRegression,58,4,0.8030796102224673,0.35416610215417965,0.5885416666666666,0.5833333333333334,0.34600760456273766,0.4343675417661098,0.4884030418250951,248,65,172,91,"['medicacion_osteoporosis_1', 'fracturas_1', 'rigidez_mediana_kpa', 'albumina_orina_mg_l']"
LogisticRegression,170,4,0.8030796102224673,0.35416610215417965,0.5885416666666666,0.5833333333333334,0.34600760456273766,0.4343675417661098,0.4884030418250951,248,65,172,91,"['albumina_orina_mg_l', 'fracturas_1', 'rigidez_mediana_kpa', 'medicacion_osteoporosis_1']"
LogisticRegression,51,2,0.8967641110498252,0.22231404958677686,0.59375,0.6593406593406593,0.22813688212927757,0.3389830508474576,0.4868591484561066,282,31,203,60,"['albumina_orina_mg_l', 'medicacion_osteoporosis_1']"
LogisticRegression,102,2,0.8967641110498252,0.22231404958677686,0.59375,0.6593406593406593,0.22813688212927757,0.3389830508474576,0.4868591484561066,282,31,203,60,"['medicacion_osteoporosis_1', 'albumina_orina_mg_l']"
LogisticRegression,195,2,0.8967641110498252,0.22231404958677686,0.59375,0.6593406593406593,0.22813688212927757,0.3389830508474576,0.4868591484561066,282,31,203,60,"['medicacion_osteoporosis_1', 'albumina_orina_mg_l']"
LogisticRegression,86,4,0.8289299503585218,0.31795149708711556,0.5920138888888888,0.6044776119402985,0.30798479087452474,0.4080604534005038,0.485880483513989,260,53,182,81,"['medicacion_osteoporosis_1', 'rigidez_mediana_kpa', 'rigidez_iqr', 'albumina_orina_mg_l']"
SVC,36,9,0.7826070968928112,0.43154044167456984,0.5850694444444444,0.575,0.34980988593155893,0.43498817966903075,0.4849239543726236,245,68,171,92,"['pulso', 'monocitos_abs', 'raza_etnia_7.0', 'albumina_orina_mg_l', 'rigidez_mediana_kpa', 'rigidez_iqr', 'ratio_albumina_creatinina', 'cadmio_sangre_nmol_l', 'medicacion_osteoporosis_1']"
LogisticRegression,142,5,0.7853925353925354,0.382102696111638,0.5815972222222222,0.5662650602409639,0.3574144486692015,0.4382284382284382,0.4827248156122589,241,72,169,94,"['caidas_1', 'medicacion_osteoporosis_1', 'albumina_orina_mg_l', 'tiempo_seg_cond1', 'rigidez_mediana_kpa']"
LogisticRegression,174,5,0.7853925353925354,0.382102696111638,0.5815972222222222,0.5662650602409639,0.3574144486692015,0.4382284382284382,0.4827248156122589,241,72,169,94,"['medicacion_osteoporosis_1', 'rigidez_mediana_kpa', 'caidas_1', 'albumina_orina_mg_l', 'tiempo_seg_cond1']"
LogisticRegression,185,5,0.7853925353925354,0.382102696111638,0.5815972222222222,0.5662650602409639,0.3574144486692015,0.4382284382284382,0.4827248156122589,241,72,169,94,"['medicacion_osteoporosis_1', 'caidas_1', 'tiempo_seg_cond1', 'albumina_orina_mg_l', 'rigidez_mediana_kpa']"
SVC,74,4,0.7949439235153521,0.3656550602899336,0.5815972222222222,0.5679012345679012,0.34980988593155893,0.4329411764705882,0.4806646951133643,243,70,171,92,"[""tipo_sonda_elasto_b'XL'"", 'hdl_mmol_l', 'caidas_1', 'albumina_orina_mg_l']"
SVC,64,8,0.7867071152785438,0.4299281940116515,0.5763888888888888,0.5542857142857143,0.3688212927756654,0.4429223744292237,0.48009994568169473,235,78,166,97,"['rigidez_mediana_kpa', 'pulso', 'monocitos_abs', 'rigidez_iqr', 'estado_elastografia_1', 'raza_etnia_7.0', 'albumina_orina_mg_l', 'fracturas_1']"
LogisticRegression,148,7,0.7895201323772753,0.36075057580273673,0.578125,0.5617283950617284,0.34600760456273766,0.42823529411764705,0.47544007886213213,242,71,172,91,"['albumina_orina_mg_l', 'tamano_manguito_pa_5.0', 'caidas_1', 'raza_etnia_2.0', 'medicacion_osteoporosis_1', 'plaquetas_totales', ""tipo_sonda_elasto_b'XL'""]"
LogisticRegression,73,4,0.8275418275418275,0.3228966264733776,0.5850694444444444,0.5869565217391305,0.30798479087452474,0.40399002493765584,0.4753678293932882,256,57,182,81,"['caidas_1', 'albumina_orina_mg_l', 'rigidez_mediana_kpa', 'rigidez_iqr']"
LogisticRegression,91,5,0.8221180364037506,0.32453597073567264,0.5850694444444444,0.5869565217391305,0.30798479087452474,0.40399002493765584,0.4753678293932882,256,57,182,81,"['albumina_orina_mg_l', 'rigidez_mediana_kpa', 'caidas_1', 'tiempo_seg_cond1', 'rigidez_iqr']"
LogisticRegression,112,5,0.8221180364037506,0.32453597073567264,0.5850694444444444,0.5869565217391305,0.30798479087452474,0.40399002493765584,0.4753678293932882,256,57,182,81,"['albumina_orina_mg_l', 'rigidez_mediana_kpa', 'rigidez_iqr', 'tiempo_seg_cond1', 'caidas_1']"
LogisticRegression,178,4,0.8275418275418275,0.3228966264733776,0.5850694444444444,0.5869565217391305,0.30798479087452474,0.40399002493765584,0.4753678293932882,256,57,182,81,"['albumina_orina_mg_l', 'rigidez_mediana_kpa', 'caidas_1', 'rigidez_iqr']"
LogisticRegression,72,7,0.786799043941901,0.37398726459829285,0.578125,0.5625,0.34220532319391633,0.425531914893617,0.4743821292775665,243,70,173,90,"['rigidez_mediana_kpa', 'tamano_manguito_pa_5.0', 'medicacion_osteoporosis_1', 'hdl_mmol_l', ""tipo_sonda_elasto_b'XL'"", 'plaquetas_totales', 'albumina_orina_mg_l']"
SVC,24,9,0.7703989703989704,0.43653976425958546,0.5729166666666666,0.5491329479768786,0.3612167300380228,0.43577981651376146,0.4739664608013363,235,78,168,95,"['pais_nacimiento_1', 'pulso', 'rigidez_iqr', 'ratio_albumina_creatinina', 'fracturas_1', 'raza_etnia_7.0', 'monocitos_abs', 'albumina_orina_mg_l', 'rigidez_mediana_kpa']"
SVC,49,6,0.8410645339216767,0.3212708305107709,0.5850694444444444,0.5909090909090909,0.2965779467680608,0.3949367088607595,0.4731766332526789,259,54,185,78,"['albumina_orina_mg_l', 'ratio_albumina_creatinina', 'rigidez_iqr', 'fracturas_1', 'medicacion_osteoporosis_1', 'tamano_manguito_pa_5.0']"
LogisticRegression,84,6,0.7637341423055708,0.390529738517816,0.5694444444444444,0.5418994413407822,0.3688212927756654,0.43891402714932126,0.4726681819147354,231,82,166,97,"['plaquetas_totales', 'manganeso_sangre_nmol_l', 'rigidez_mediana_kpa', 'albumina_orina_mg_l', ""tipo_sonda_elasto_b'M'"", 'medicacion_osteoporosis_1']"
LogisticRegression,71,5,0.8180364037506894,0.3343855846091316,0.5798611111111112,0.5714285714285714,0.3193916349809886,0.4097560975609756,0.47061379684953825,250,63,179,84,"['rigidez_mediana_kpa', 'ratio_albumina_creatinina', 'fracturas_1', 'tiempo_seg_cond3', 'medicacion_osteoporosis_1']"
SVC,51,5,0.8397039897039896,0.32620241159734453,0.5833333333333334,0.5864661654135338,0.2965779467680608,0.3939393939393939,0.47051087795534463,258,55,185,78,"['tamano_manguito_pa_5.0', 'ratio_albumina_creatinina', 'fracturas_1', 'albumina_orina_mg_l', 'rigidez_iqr']"
SVC,155,6,0.8424342710056996,0.3130199160005419,0.5833333333333334,0.5864661654135338,0.2965779467680608,0.3939393939393939,0.47051087795534463,258,55,185,78,"['ratio_albumina_creatinina', 'rigidez_iqr', 'medicacion_osteoporosis_1', 'tamano_manguito_pa_5.0', 'tiempo_seg_cond3', 'albumina_orina_mg_l']"
LogisticRegression,41,3,0.8302077587791873,0.3130199160005419,0.5815972222222222,0.5785714285714286,0.30798479087452474,0.40198511166253104,0.47033677349266706,254,59,182,81,"['fracturas_1', 'albumina_orina_mg_l', 'rigidez_mediana_kpa']"
LogisticRegression,164,3,0.8302077587791873,0.3130199160005419,0.5815972222222222,0.5785714285714286,0.30798479087452474,0.40198511166253104,0.47033677349266706,254,59,182,81,"['rigidez_mediana_kpa', 'albumina_orina_mg_l', 'fracturas_1']"
LogisticRegression,184,3,0.8302077587791873,0.3130199160005419,0.5815972222222222,0.5785714285714286,0.30798479087452474,0.40198511166253104,0.47033677349266706,254,59,182,81,"['fracturas_1', 'rigidez_mediana_kpa', 'albumina_orina_mg_l']"
LogisticRegression,188,3,0.8302077587791873,0.3130199160005419,0.5815972222222222,0.5785714285714286,0.30798479087452474,0.40198511166253104,0.47033677349266706,254,59,182,81,"['fracturas_1', 'rigidez_mediana_kpa', 'albumina_orina_mg_l']"
LogisticRegression,191,3,0.8302077587791873,0.3130199160005419,0.5815972222222222,0.5785714285714286,0.30798479087452474,0.40198511166253104,0.47033677349266706,254,59,182,81,"['albumina_orina_mg_l', 'fracturas_1', 'rigidez_mediana_kpa']"
LogisticRegression,69,2,0.9049181834896121,0.21079799485164613,0.5868055555555556,0.6262626262626263,0.23574144486692014,0.3425414364640884,0.47005415370434384,276,37,201,62,"['fracturas_1', 'albumina_orina_mg_l']"
LogisticRegression,101,2,0.9049181834896121,0.21079799485164613,0.5868055555555556,0.6262626262626263,0.23574144486692014,0.3425414364640884,0.47005415370434384,276,37,201,62,"['fracturas_1', 'albumina_orina_mg_l']"
LogisticRegression,180,2,0.9049181834896121,0.21079799485164613,0.5868055555555556,0.6262626262626263,0.23574144486692014,0.3425414364640884,0.47005415370434384,276,37,201,62,"['fracturas_1', 'albumina_orina_mg_l']"
LogisticRegression,126,4,0.8043941901084757,0.3476493700040645,0.5746527777777778,0.55625,0.33840304182509506,0.42080378250591016,0.469111216730038,242,71,174,89,"['fracturas_1', 'caidas_1', 'albumina_orina_mg_l', 'rigidez_mediana_kpa']"
LogisticRegression,177,4,0.8043941901084757,0.3476493700040645,0.5746527777777778,0.55625,0.33840304182509506,0.42080378250591016,0.469111216730038,242,71,174,89,"['albumina_orina_mg_l', 'rigidez_mediana_kpa', 'fracturas_1', 'caidas_1']"
LogisticRegression,197,4,0.8043941901084757,0.3476493700040645,0.5746527777777778,0.55625,0.33840304182509506,0.42080378250591016,0.469111216730038,242,71,174,89,"['rigidez_mediana_kpa', 'albumina_orina_mg_l', 'fracturas_1', 'caidas_1']"
LogisticRegression,116,5,0.766418459275602,0.3871562118954071,0.5677083333333334,0.5402298850574713,0.3574144486692015,0.4302059496567506,0.46710371050216337,233,80,169,94,"['ratio_albumina_creatinina', 'medicacion_osteoporosis_1', 'albumina_orina_mg_l', ""tipo_sonda_elasto_b'M'"", 'periodo_examen_1']"
SVC,81,5,0.8506159220444935,0.31142121663731204,0.5833333333333334,0.5950413223140496,0.2737642585551331,0.375,0.466530496810483,264,49,191,72,"['rigidez_iqr', 'fracturas_1', 'medicacion_osteoporosis_1', 'ratio_albumina_creatinina', 'tamano_manguito_pa_5.0']"
SVC,124,5,0.8506159220444935,0.31142121663731204,0.5833333333333334,0.5950413223140496,0.2737642585551331,0.375,0.466530496810483,264,49,191,72,"['rigidez_iqr', 'medicacion_osteoporosis_1', 'tamano_manguito_pa_5.0', 'fracturas_1', 'ratio_albumina_creatinina']"
SVC,182,5,0.8506159220444935,0.31142121663731204,0.5833333333333334,0.5950413223140496,0.2737642585551331,0.375,0.466530496810483,264,49,191,72,"['fracturas_1', 'rigidez_iqr', 'ratio_albumina_creatinina', 'tamano_manguito_pa_5.0', 'medicacion_osteoporosis_1']"
SVC,194,5,0.8506159220444935,0.31142121663731204,0.5833333333333334,0.5950413223140496,0.2737642585551331,0.375,0.466530496810483,264,49,191,72,"['tamano_manguito_pa_5.0', 'medicacion_osteoporosis_1', 'rigidez_iqr', 'fracturas_1', 'ratio_albumina_creatinina']"
LogisticRegression,47,4,0.7961849604706748,0.3572822110825091,0.5798611111111112,0.5766423357664233,0.30038022813688214,0.395,0.4661374927146068,255,58,184,79,"['hdl_mmol_l', 'albumina_orina_mg_l', 'fracturas_1', 'rigidez_mediana_kpa']"
SVC,88,8,0.7459735245449531,0.469462132502371,0.5642361111111112,0.5333333333333333,0.3650190114068441,0.43340857787810383,0.46600760456273765,229,84,167,96,"['psu', 'pulso', 'ratio_albumina_creatinina', 'caidas_1', 'albumina_orina_mg_l', 'tamano_manguito_pa_5.0', 'rigidez_mediana_kpa', 'volumen_plaquetario_medio']"
LogisticRegression,28,5,0.7677790034932892,0.3854897710337352,0.5659722222222222,0.5371428571428571,0.3574144486692015,0.4292237442922374,0.4652514937533949,232,81,169,94,"['fracturas_1', 'periodo_examen_1', 'albumina_orina_mg_l', 'ratio_albumina_creatinina', ""tipo_sonda_elasto_b'M'""]"
LogisticRegression,88,5,0.8098547527118957,0.3360655737704918,0.5729166666666666,0.554140127388535,0.33079847908745247,0.4142857142857143,0.464803468068102,243,70,176,87,"['estado_examen_balance_1', 'fracturas_1', 'rigidez_mediana_kpa', 'albumina_orina_mg_l', 'caidas_1']"
LogisticRegression,64,7,0.7623368266225409,0.39535293320688253,0.5625,0.5307262569832403,0.3612167300380228,0.4298642533936652,0.4629224462051532,229,84,168,95,"['caidas_1', ""tipo_sonda_elasto_b'M'"", 'tiempo_seg_cond3', 'ratio_albumina_creatinina', 'albumina_orina_mg_l', 'medicacion_osteoporosis_1', 'periodo_examen_1']"
LogisticRegression,95,7,0.7623276337562052,0.4002845142934562,0.5607638888888888,0.5274725274725275,0.3650190114068441,0.4314606741573034,0.4624911210462541,227,86,167,96,"['medicacion_osteoporosis_1', 'periodo_examen_1', ""tipo_sonda_elasto_b'M'"", 'albumina_orina_mg_l', 'ratio_albumina_creatinina', 'fracturas_1', 'tiempo_seg_cond3']"
LogisticRegression,157,7,0.7623276337562052,0.4002845142934562,0.5607638888888888,0.5274725274725275,0.3650190114068441,0.4314606741573034,0.4624911210462541,227,86,167,96,"['fracturas_1', ""tipo_sonda_elasto_b'M'"", 'tiempo_seg_cond3', 'medicacion_osteoporosis_1', 'albumina_orina_mg_l', 'ratio_albumina_creatinina', 'periodo_examen_1']"
LogisticRegression,124,2,0.911665747380033,0.18772524048231948,0.5815972222222222,0.6309523809523809,0.20152091254752852,0.30547550432276654,0.45917979359044,282,31,210,53,"['tiempo_seg_cond3', 'albumina_orina_mg_l']"
LogisticRegression,129,2,0.911665747380033,0.18772524048231948,0.5815972222222222,0.6309523809523809,0.20152091254752852,0.30547550432276654,0.45917979359044,282,31,210,53,"['tiempo_seg_cond3', 'albumina_orina_mg_l']"
LogisticRegression,194,2,0.911665747380033,0.18772524048231948,0.5815972222222222,0.6309523809523809,0.20152091254752852,0.30547550432276654,0.45917979359044,282,31,210,53,"['tiempo_seg_cond3', 'albumina_orina_mg_l']"
SVC,90,3,0.932046332046332,0.16638666847310662,0.5798611111111112,0.647887323943662,0.17490494296577946,0.2754491017964072,0.458694371552509,288,25,217,46,"['ratio_albumina_creatinina', 'fracturas_1', 'albumina_orina_mg_l']"
SVC,114,3,0.932046332046332,0.16638666847310662,0.5798611111111112,0.647887323943662,0.17490494296577946,0.2754491017964072,0.458694371552509,288,25,217,46,"['albumina_orina_mg_l', 'fracturas_1', 'ratio_albumina_creatinina']"
SVC,164,3,0.932046332046332,0.16638666847310662,0.5798611111111112,0.647887323943662,0.17490494296577946,0.2754491017964072,0.458694371552509,288,25,217,46,"['albumina_orina_mg_l', 'fracturas_1', 'ratio_albumina_creatinina']"
SVC,173,3,0.932046332046332,0.16638666847310662,0.5798611111111112,0.647887323943662,0.17490494296577946,0.2754491017964072,0.458694371552509,288,25,217,46,"['fracturas_1', 'albumina_orina_mg_l', 'ratio_albumina_creatinina']"
SVC,116,2,0.9510755653612796,0.11528248204850292,0.5729166666666666,0.6808510638297872,0.12167300380228137,0.2064516129032258,0.45717983981878485,298,15,231,32,"['ratio_albumina_creatinina', 'pais_nacimiento_1']"
SVC,123,2,0.9510755653612796,0.11528248204850292,0.5729166666666666,0.6808510638297872,0.12167300380228137,0.2064516129032258,0.45717983981878485,298,15,231,32,"['pais_nacimiento_1', 'ratio_albumina_creatinina']"
SVC,85,6,0.7445945945945945,0.4710879284649777,0.5607638888888888,0.5287356321839081,0.34980988593155893,0.42105263157894735,0.4571653336829684,231,82,171,92,"['rigidez_mediana_kpa', 'psu', 'volumen_plaquetario_medio', 'rigidez_iqr', 'pulso', 'ratio_albumina_creatinina']"
SVC,67,6,0.7568302996874425,0.4644628099173554,0.5520833333333334,0.5130890052356021,0.3726235741444867,0.43171806167400884,0.4569028327991559,220,93,165,98,"['caidas_1', 'ratio_albumina_creatinina', 'rigidez_mediana_kpa', 'pulso', 'albumina_orina_mg_l', 'volumen_plaquetario_medio']"
LogisticRegression,128,6,0.7650395293252437,0.39042135212030893,0.5572916666666666,0.5222222222222223,0.3574144486692015,0.42437923250564336,0.456299112801014,227,86,169,94,"['tiempo_seg_cond3', ""tipo_sonda_elasto_b'M'"", 'fracturas_1', 'ratio_albumina_creatinina', 'periodo_examen_1', 'albumina_orina_mg_l']"
LogisticRegression,173,6,0.7650395293252437,0.39042135212030893,0.5572916666666666,0.5222222222222223,0.3574144486692015,0.42437923250564336,0.456299112801014,227,86,169,94,"['fracturas_1', 'albumina_orina_mg_l', 'ratio_albumina_creatinina', 'tiempo_seg_cond3', ""tipo_sonda_elasto_b'M'"", 'periodo_examen_1']"
LogisticRegression,158,5,0.7908714837286266,0.35909768324075325,0.5677083333333334,0.5448717948717948,0.3231939163498099,0.40572792362768495,0.4562006434630008,242,71,178,85,"['rigidez_iqr', 'tiempo_seg_cond1', 'caidas_1', 'rigidez_mediana_kpa', 'ratio_albumina_creatinina']"
LogisticRegression,165,5,0.7908714837286266,0.35909768324075325,0.5677083333333334,0.5448717948717948,0.3231939163498099,0.40572792362768495,0.4562006434630008,242,71,178,85,"['caidas_1', 'rigidez_mediana_kpa', 'tiempo_seg_cond1', 'ratio_albumina_creatinina', 'rigidez_iqr']"
SVC,56,2,0.9198106269534841,0.17297114212166373,0.5798611111111112,0.6296296296296297,0.19391634980988592,0.29651162790697677,0.4553443177017321,283,30,212,51,"['fracturas_1', 'albumina_orina_mg_l']"
SVC,105,2,0.9198106269534841,0.17297114212166373,0.5798611111111112,0.6296296296296297,0.19391634980988592,0.29651162790697677,0.4553443177017321,283,30,212,51,"['albumina_orina_mg_l', 'fracturas_1']"
SVC,177,2,0.9198106269534841,0.17297114212166373,0.5798611111111112,0.6296296296296297,0.19391634980988592,0.29651162790697677,0.4553443177017321,283,30,212,51,"['fracturas_1', 'albumina_orina_mg_l']"
SVC,196,2,0.9198106269534841,0.17297114212166373,0.5798611111111112,0.6296296296296297,0.19391634980988592,0.29651162790697677,0.4553443177017321,283,30,212,51,"['albumina_orina_mg_l', 'fracturas_1']"
SVC,91,3,0.9415701415701416,0.15153773201463216,0.578125,0.6470588235294118,0.16730038022813687,0.26586102719033233,0.4551554462089018,289,24,219,44,"['ratio_albumina_creatinina', 'pais_nacimiento_1', 'albumina_orina_mg_l']"
SVC,143,3,0.9415701415701416,0.15153773201463216,0.578125,0.6470588235294118,0.16730038022813687,0.26586102719033233,0.4551554462089018,289,24,219,44,"['pais_nacimiento_1', 'ratio_albumina_creatinina', 'albumina_orina_mg_l']"
LogisticRegression,30,4,0.8492829564258135,0.29323939845549385,0.5763888888888888,0.5785123966942148,0.2661596958174905,0.3645833333333333,0.4535713163435251,262,51,193,70,"['rigidez_mediana_kpa', 'albumina_orina_mg_l', 'rigidez_iqr', 'tiempo_seg_cond1']"
SVC,99,7,0.7636146350432064,0.46115702479338844,0.5520833333333334,0.5136612021857924,0.3574144486692015,0.42152466367713004,0.451162500779156,224,89,169,94,"['ratio_albumina_creatinina', 'pulso', 'volumen_plaquetario_medio', 'rigidez_mediana_kpa', 'albumina_orina_mg_l', 'aprueba_cond4_1', 'caidas_1']"
LogisticRegression,96,2,0.9130538701967273,0.17788917490854897,0.578125,0.6219512195121951,0.19391634980988592,0.2956521739130435,0.4507372716312714,282,31,212,51,"['tiempo_seg_cond1', 'albumina_orina_mg_l']"
LogisticRegression,152,2,0.9130538701967273,0.17788917490854897,0.578125,0.6219512195121951,0.19391634980988592,0.2956521739130435,0.4507372716312714,282,31,212,51,"['albumina_orina_mg_l', 'tiempo_seg_cond1']"
LogisticRegression,114,6,0.8044033829748116,0.3361739601679989,0.5677083333333334,0.547945205479452,0.3041825095057034,0.39119804400978,0.45044012708995257,247,66,183,80,"['medicacion_osteoporosis_1', 'elegibilidad_balance_1', 'proteina_c_reactiva_mg_l', 'albumina_orina_mg_l', 'tamano_manguito_pa_5.0', 'rigidez_mediana_kpa']"
SVC,128,5,0.858742415885273,0.30317030212708307,0.5746527777777778,0.576271186440678,0.2585551330798479,0.3569553805774278,0.4491847650963459,263,50,195,68,"['tamano_manguito_pa_5.0', 'ratio_albumina_creatinina', 'caidas_1', 'rigidez_iqr', 'fracturas_1']"
SVC,151,5,0.858742415885273,0.30317030212708307,0.5746527777777778,0.576271186440678,0.2585551330798479,0.3569553805774278,0.4491847650963459,263,50,195,68,"['caidas_1', 'tamano_manguito_pa_5.0', 'fracturas_1', 'ratio_albumina_creatinina', 'rigidez_iqr']"
LogisticRegression,155,4,0.7948428019856592,0.3590163934426229,0.5607638888888888,0.532051282051282,0.3155893536121673,0.39618138424821003,0.44546651067563614,240,73,180,83,"['rigidez_mediana_kpa', 'caidas_1', 'albumina_orina_mg_l', 'ratio_pobreza']"
LogisticRegression,176,4,0.7948428019856592,0.3590163934426229,0.5607638888888888,0.532051282051282,0.3155893536121673,0.39618138424821003,0.44546651067563614,240,73,180,83,"['ratio_pobreza', 'albumina_orina_mg_l', 'caidas_1', 'rigidez_mediana_kpa']"
SVC,15,4,0.7894465894465895,0.38206205121257286,0.5607638888888888,0.532051282051282,0.3155893536121673,0.39618138424821003,0.44546651067563614,240,73,180,83,"['convulsiones_1', 'pulso', 'ratio_albumina_creatinina', 'fracturas_1']"
SVC,103,3,0.9266041551755837,0.17131824955968025,0.5746527777777778,0.6285714285714286,0.16730038022813687,0.26426426426426425,0.44406300923411185,287,26,219,44,"['ratio_albumina_creatinina', 'caidas_1', 'albumina_orina_mg_l']"
SVC,134,3,0.9266041551755837,0.17131824955968025,0.5746527777777778,0.6285714285714286,0.16730038022813687,0.26426426426426425,0.44406300923411185,287,26,219,44,"['ratio_albumina_creatinina', 'albumina_orina_mg_l', 'caidas_1']"
SVC,157,3,0.9266041551755837,0.17131824955968025,0.5746527777777778,0.6285714285714286,0.16730038022813687,0.26426426426426425,0.44406300923411185,287,26,219,44,"['ratio_albumina_creatinina', 'caidas_1', 'albumina_orina_mg_l']"
SVC,5,3,0.9524361095789666,0.11364313778620785,0.5694444444444444,0.6595744680851063,0.11787072243346007,0.2,0.4428929698244478,297,16,232,31,"['pais_nacimiento_1', 'ratio_albumina_creatinina', 'fracturas_1']"
SVC,69,3,0.9524361095789666,0.11364313778620785,0.5694444444444444,0.6595744680851063,0.11787072243346007,0.2,0.4428929698244478,297,16,232,31,"['ratio_albumina_creatinina', 'fracturas_1', 'pais_nacimiento_1']"
SVC,25,4,0.7908255193969479,0.36719956645441,0.5590277777777778,0.5294117647058824,0.30798479087452474,0.3894230769230769,0.4408409751733393,241,72,182,81,"['convulsiones_1', 'pulso', 'raza_etnia_2.0', 'albumina_orina_mg_l']"
SVC,135,4,0.7908255193969479,0.36719956645441,0.5590277777777778,0.5294117647058824,0.30798479087452474,0.3894230769230769,0.4408409751733393,241,72,182,81,"['pulso', 'albumina_orina_mg_l', 'raza_etnia_2.0', 'convulsiones_1']"
SVC,32,2,0.8994484280198567,0.2042677144018426,0.5711805555555556,0.58,0.22053231939163498,0.31955922865013775,0.436212927756654,271,42,205,58,"['convulsiones_1', 'albumina_orina_mg_l']"
SVC,108,2,0.8994484280198567,0.2042677144018426,0.5711805555555556,0.58,0.22053231939163498,0.31955922865013775,0.436212927756654,271,42,205,58,"['convulsiones_1', 'albumina_orina_mg_l']"
SVC,192,2,0.8994484280198567,0.2042677144018426,0.5711805555555556,0.58,0.22053231939163498,0.31955922865013775,0.436212927756654,271,42,205,58,"['convulsiones_1', 'albumina_orina_mg_l']"
SVC,84,5,0.9048814120242692,0.1960574447906788,0.5711805555555556,0.5851063829787234,0.20912547528517111,0.3081232492997199,0.4347140199013025,274,39,208,55,"['ratio_albumina_creatinina', 'caidas_1', 'convulsiones_1', 'albumina_orina_mg_l', 'fracturas_1']"
SVC,76,4,0.9306857878286449,0.16969245359707355,0.5711805555555556,0.6111111111111112,0.16730038022813687,0.2626865671641791,0.43358681875792143,285,28,219,44,"['albumina_orina_mg_l', 'ratio_albumina_creatinina', 'fracturas_1', 'caidas_1']"
SVC,133,4,0.9306857878286449,0.16969245359707355,0.5711805555555556,0.6111111111111112,0.16730038022813687,0.2626865671641791,0.43358681875792143,285,28,219,44,"['caidas_1', 'albumina_orina_mg_l', 'ratio_albumina_creatinina', 'fracturas_1']"
LogisticRegression,70,3,0.899439235153521,0.21735537190082646,0.5694444444444444,0.5757575757575758,0.21673003802281368,0.3149171270718232,0.43214656066367096,271,42,206,57,"['albumina_orina_mg_l', 'tiempo_seg_cond3', 'fracturas_1']"
LogisticRegression,100,3,0.899439235153521,0.21735537190082646,0.5694444444444444,0.5757575757575758,0.21673003802281368,0.3149171270718232,0.43214656066367096,271,42,206,57,"['tiempo_seg_cond3', 'albumina_orina_mg_l', 'fracturas_1']"
LogisticRegression,196,3,0.899439235153521,0.21735537190082646,0.5694444444444444,0.5757575757575758,0.21673003802281368,0.3149171270718232,0.43214656066367096,271,42,206,57,"['albumina_orina_mg_l', 'tiempo_seg_cond3', 'fracturas_1']"
SVC,115,4,0.9143776429490714,0.19272456306733504,0.5677083333333334,0.5760869565217391,0.20152091254752852,0.29859154929577464,0.4262605389320549,274,39,210,53,"['convulsiones_1', 'raza_etnia_2.0', 'ratio_albumina_creatinina', 'albumina_orina_mg_l']"
SVC,122,4,0.9143776429490714,0.19272456306733504,0.5677083333333334,0.5760869565217391,0.20152091254752852,0.29859154929577464,0.4262605389320549,274,39,210,53,"['raza_etnia_2.0', 'albumina_orina_mg_l', 'ratio_albumina_creatinina', 'convulsiones_1']"
LogisticRegression,19,6,0.8424618496047067,0.3047283565912478,0.5590277777777778,0.5354330708661418,0.2585551330798479,0.3487179487179487,0.4246818957516242,254,59,195,68,"['rigidez_iqr', 'rigidez_mediana_kpa', 'tiempo_seg_cond1', 'caidas_1', 'tiempo_seg_cond3', 'albumina_orina_mg_l']"
LogisticRegression,90,2,0.9144419930134216,0.16637312017341827,0.5677083333333334,0.5897435897435898,0.17490494296577946,0.2697947214076246,0.4238081310324657,281,32,217,46,"['tiempo_seg_cond1', 'ratio_albumina_creatinina']"
LogisticRegression,119,2,0.9144419930134216,0.16637312017341827,0.5677083333333334,0.5897435897435898,0.17490494296577946,0.2697947214076246,0.4238081310324657,281,32,217,46,"['tiempo_seg_cond1', 'ratio_albumina_creatinina']"
LogisticRegression,198,2,0.9144419930134216,0.16637312017341827,0.5677083333333334,0.5897435897435898,0.17490494296577946,0.2697947214076246,0.4238081310324657,281,32,217,46,"['ratio_albumina_creatinina', 'tiempo_seg_cond1']"
SVC,77,4,0.9157657657657656,0.177889174908549,0.5659722222222222,0.5698924731182796,0.20152091254752852,0.29775280898876405,0.4225438488899792,273,40,210,53,"['estado_examen_balance_1', 'tiempo_seg_cond3', 'ratio_albumina_creatinina', 'albumina_orina_mg_l']"
SVC,149,4,0.9157657657657656,0.177889174908549,0.5659722222222222,0.5698924731182796,0.20152091254752852,0.29775280898876405,0.4225438488899792,273,40,210,53,"['ratio_albumina_creatinina', 'tiempo_seg_cond3', 'estado_examen_balance_1', 'albumina_orina_mg_l']"
LogisticRegression,75,4,0.8519488876631733,0.28344397778078856,0.5572916666666666,0.5333333333333333,0.24334600760456274,0.3342036553524804,0.4173384030418251,257,56,199,64,"['rigidez_mediana_kpa', 'tamano_manguito_pa_5.0', 'albumina_orina_mg_l', 'fracturas_1']"
LogisticRegression,151,4,0.8519488876631733,0.28344397778078856,0.5572916666666666,0.5333333333333333,0.24334600760456274,0.3342036553524804,0.4173384030418251,257,56,199,64,"['rigidez_mediana_kpa', 'albumina_orina_mg_l', 'fracturas_1', 'tamano_manguito_pa_5.0']"
SVC,104,3,0.9443004228718515,0.135062999593551,0.5642361111111112,0.6071428571428571,0.12927756653992395,0.21316614420062696,0.41599674090168387,291,22,229,34,"['fracturas_1', 'caidas_1', 'ratio_albumina_creatinina']"
SVC,145,3,0.9443004228718515,0.135062999593551,0.5642361111111112,0.6071428571428571,0.12927756653992395,0.21316614420062696,0.41599674090168387,291,22,229,34,"['fracturas_1', 'caidas_1', 'ratio_albumina_creatinina']"
SVC,181,3,0.9443004228718515,0.135062999593551,0.5642361111111112,0.6071428571428571,0.12927756653992395,0.21316614420062696,0.41599674090168387,291,22,229,34,"['fracturas_1', 'ratio_albumina_creatinina', 'caidas_1']"
SVC,186,3,0.9443004228718515,0.135062999593551,0.5642361111111112,0.6071428571428571,0.12927756653992395,0.21316614420062696,0.41599674090168387,291,22,229,34,"['caidas_1', 'fracturas_1', 'ratio_albumina_creatinina']"
LogisticRegression,80,2,0.9103143960286818,0.19103102560628643,0.5642361111111112,0.573170731707317,0.17870722433460076,0.27246376811594203,0.41538532875823053,278,35,216,47,"['ratio_albumina_creatinina', 'tiempo_seg_cond3']"
LogisticRegression,109,2,0.9103143960286818,0.19103102560628643,0.5642361111111112,0.573170731707317,0.17870722433460076,0.27246376811594203,0.41538532875823053,278,35,216,47,"['tiempo_seg_cond3', 'ratio_albumina_creatinina']"
LogisticRegression,161,3,0.8601213458356316,0.2816826988212979,0.5555555555555556,0.5309734513274337,0.22813688212927757,0.3191489361702128,0.4098388236481712,260,53,203,60,"['albumina_orina_mg_l', 'rigidez_mediana_kpa', 'tiempo_seg_cond3']"
LogisticRegression,166,3,0.8601213458356316,0.2816826988212979,0.5555555555555556,0.5309734513274337,0.22813688212927757,0.3191489361702128,0.4098388236481712,260,53,203,60,"['albumina_orina_mg_l', 'rigidez_mediana_kpa', 'tiempo_seg_cond3']"
LogisticRegression,44,2,0.8642397499540356,0.25698414848936457,0.5590277777777778,0.5494505494505495,0.19011406844106463,0.2824858757062147,0.4057159570467555,272,41,213,50,"['ratio_albumina_creatinina', 'medicacion_osteoporosis_1']"
LogisticRegression,67,2,0.8642397499540356,0.25698414848936457,0.5590277777777778,0.5494505494505495,0.19011406844106463,0.2824858757062147,0.4057159570467555,272,41,213,50,"['ratio_albumina_creatinina', 'medicacion_osteoporosis_1']"
SVC,136,4,0.9429306857878286,0.13674298875491125,0.5607638888888888,0.5925925925925926,0.12167300380228137,0.20189274447949526,0.40422475707646804,291,22,231,32,"['ratio_albumina_creatinina', 'ratio_pobreza', 'caidas_1', 'tiempo_seg_cond3']"
SVC,152,4,0.9429306857878286,0.13674298875491125,0.5607638888888888,0.5925925925925926,0.12167300380228137,0.20189274447949526,0.40422475707646804,291,22,231,32,"['ratio_albumina_creatinina', 'tiempo_seg_cond3', 'ratio_pobreza', 'caidas_1']"
SVC,101,3,0.9334344548630262,0.15648286140089418,0.5607638888888888,0.5714285714285714,0.1520912547528517,0.24024024024024024,0.4036936447582835,283,30,223,40,"['ratio_albumina_creatinina', 'caidas_1', 'tiempo_seg_cond3']"
SVC,150,3,0.9334344548630262,0.15648286140089418,0.5607638888888888,0.5714285714285714,0.1520912547528517,0.24024024024024024,0.4036936447582835,283,30,223,40,"['caidas_1', 'tiempo_seg_cond3', 'ratio_albumina_creatinina']"
SVC,156,3,0.9334344548630262,0.15648286140089418,0.5607638888888888,0.5714285714285714,0.1520912547528517,0.24024024024024024,0.4036936447582835,283,30,223,40,"['ratio_albumina_creatinina', 'caidas_1', 'tiempo_seg_cond3']"
LogisticRegression,98,3,0.8913403199117486,0.2371494377455629,0.5590277777777778,0.5529411764705883,0.17870722433460076,0.27011494252873564,0.4032475956161933,275,38,216,47,"['ratio_albumina_creatinina', 'tiempo_seg_cond3', 'medicacion_osteoporosis_1']"
LogisticRegression,137,3,0.8913403199117486,0.2371494377455629,0.5590277777777778,0.5529411764705883,0.17870722433460076,0.27011494252873564,0.4032475956161933,275,38,216,47,"['tiempo_seg_cond3', 'ratio_albumina_creatinina', 'medicacion_osteoporosis_1']"
SVC,107,4,0.9374977017834161,0.15646931310120582,0.5590277777777778,0.5633802816901409,0.1520912547528517,0.23952095808383234,0.3988646709152252,282,31,223,40,"['caidas_1', 'tiempo_seg_cond3', 'fracturas_1', 'ratio_albumina_creatinina']"
SVC,153,4,0.9374977017834161,0.15646931310120582,0.5590277777777778,0.5633802816901409,0.1520912547528517,0.23952095808383234,0.3988646709152252,282,31,223,40,"['caidas_1', 'fracturas_1', 'ratio_albumina_creatinina', 'tiempo_seg_cond3']"
LogisticRegression,147,2,0.9144144144144144,0.16809375423384365,0.5538194444444444,0.5416666666666666,0.1482889733840304,0.23283582089552238,0.3843155893536121,280,33,224,39,"['tamano_manguito_pa_5.0', 'ratio_albumina_creatinina']"
LogisticRegression,150,2,0.9144144144144144,0.16809375423384365,0.5538194444444444,0.5416666666666666,0.1482889733840304,0.23283582089552238,0.3843155893536121,280,33,224,39,"['ratio_albumina_creatinina', 'tamano_manguito_pa_5.0']"
LogisticRegression,35,3,0.883177054605626,0.250386126541119,0.5434027777777778,0.5,0.17870722433460076,0.26330532212885155,0.3714828897338403,266,47,216,47,"['tiempo_seg_cond3', 'caidas_1', 'ratio_albumina_creatinina']"
LogisticRegression,68,3,0.883177054605626,0.250386126541119,0.5434027777777778,0.5,0.17870722433460076,0.26330532212885155,0.3714828897338403,266,47,216,47,"['caidas_1', 'tiempo_seg_cond3', 'ratio_albumina_creatinina']"
LogisticRegression,97,2,0.9497701783416069,0.06584473648557106,0.5451388888888888,0.5116279069767442,0.08365019011406843,0.1437908496732026,0.34043682023167393,292,21,241,22,"['convulsiones_1', 'tiempo_seg_cond1']"
LogisticRegression,143,2,0.9497701783416069,0.06584473648557106,0.5451388888888888,0.5116279069767442,0.08365019011406843,0.1437908496732026,0.34043682023167393,292,21,241,22,"['tiempo_seg_cond1', 'convulsiones_1']"
LogisticRegression,15,2,0.9239382239382239,0.10536512667660207,0.5399305555555556,0.484375,0.11787072243346007,0.18960244648318042,0.337773288973384,280,33,232,31,"['convulsiones_1', 'estado_examen_balance_1']"
LogisticRegression,38,3,0.9252987681559111,0.1037122341146186,0.5399305555555556,0.484375,0.11787072243346007,0.18960244648318042,0.337773288973384,280,33,232,31,"['convulsiones_1', 'estado_examen_balance_1', 'caidas_1']"
LogisticRegression,60,3,0.9252987681559111,0.1037122341146186,0.5399305555555556,0.484375,0.11787072243346007,0.18960244648318042,0.337773288973384,280,33,232,31,"['estado_examen_balance_1', 'caidas_1', 'convulsiones_1']"
LogisticRegression,110,3,0.9239382239382239,0.10536512667660207,0.5399305555555556,0.484375,0.11787072243346007,0.18960244648318042,0.337773288973384,280,33,232,31,"['estado_examen_balance_1', 'convulsiones_1', 'medicacion_osteoporosis_1']"
LogisticRegression,57,2,0.9496966354109212,0.06923181140766835,0.5451388888888888,0.5161290322580645,0.060836501901140684,0.10884353741496598,0.33401202011529496,298,15,247,16,"['fracturas_1', 'estado_elastografia_1']"
LogisticRegression,77,2,0.9496966354109212,0.06923181140766835,0.5451388888888888,0.5161290322580645,0.060836501901140684,0.10884353741496598,0.33401202011529496,298,15,247,16,"['fracturas_1', 'estado_elastografia_1']"
LogisticRegression,2,2,0.9592572164000736,0.05927381113670234,0.5416666666666666,0.4857142857142857,0.06463878326996197,0.11409395973154363,0.3172840847365562,295,18,246,17,"['caidas_1', 'convulsiones_1']"
LogisticRegression,31,2,0.9592572164000736,0.05927381113670234,0.5416666666666666,0.4857142857142857,0.06463878326996197,0.11409395973154363,0.3172840847365562,295,18,246,17,"['convulsiones_1', 'caidas_1']"
LogisticRegression,183,2,0.9592572164000736,0.05927381113670234,0.5416666666666666,0.4857142857142857,0.06463878326996197,0.11409395973154363,0.3172840847365562,295,18,246,17,"['convulsiones_1', 'medicacion_osteoporosis_1']"
SVC,0,2,0.9592572164000736,0.05927381113670234,0.5416666666666666,0.4857142857142857,0.06463878326996197,0.11409395973154363,0.3172840847365562,295,18,246,17,"['caidas_1', 'convulsiones_1']"
SVC,3,2,0.9592572164000736,0.05927381113670234,0.5416666666666666,0.4857142857142857,0.06463878326996197,0.11409395973154363,0.3172840847365562,295,18,246,17,"['caidas_1', 'convulsiones_1']"
SVC,171,2,0.9592572164000736,0.05927381113670234,0.5416666666666666,0.4857142857142857,0.06463878326996197,0.11409395973154363,0.3172840847365562,295,18,246,17,"['caidas_1', 'convulsiones_1']"
SVC,174,2,0.9592572164000736,0.05927381113670234,0.5416666666666666,0.4857142857142857,0.06463878326996197,0.11409395973154363,0.3172840847365562,295,18,246,17,"['caidas_1', 'convulsiones_1']"
SVC,178,2,0.9592572164000736,0.05927381113670234,0.5416666666666666,0.4857142857142857,0.06463878326996197,0.11409395973154363,0.3172840847365562,295,18,246,17,"['convulsiones_1', 'caidas_1']"
LogisticRegression,9,2,0.9198290126861556,0.12514564422165017,0.5329861111111112,0.45,0.10266159695817491,0.16718266253869968,0.31106463878326995,280,33,236,27,"['convulsiones_1', 'tiempo_seg_cond3']"
LogisticRegression,13,2,0.9198290126861556,0.12514564422165017,0.5329861111111112,0.45,0.10266159695817491,0.16718266253869968,0.31106463878326995,280,33,236,27,"['tiempo_seg_cond3', 'convulsiones_1']"
LogisticRegression,193,2,0.9198290126861556,0.12514564422165017,0.5329861111111112,0.45,0.10266159695817491,0.16718266253869968,0.31106463878326995,280,33,236,27,"['tiempo_seg_cond3', 'convulsiones_1']"
LogisticRegression,21,2,0.933480419194705,0.09230456577699499,0.5295138888888888,0.4166666666666667,0.07604562737642585,0.12861736334405144,0.2804182509505703,285,28,243,20,"['tiempo_seg_cond1', 'tamano_manguito_pa_5.0']"
LogisticRegression,146,2,0.933480419194705,0.09230456577699499,0.5295138888888888,0.4166666666666667,0.07604562737642585,0.12861736334405144,0.2804182509505703,285,28,243,20,"['tiempo_seg_cond1', 'tamano_manguito_pa_5.0']"
LogisticRegression,48,2,0.9416069130354845,0.08901232895271644,0.5277777777777778,0.3902439024390244,0.060836501901140684,0.10526315789473684,0.2584809422238709,288,25,247,16,"['fracturas_1', 'tamano_manguito_pa_5.0']"
LogisticRegression,59,2,0.9429674572531714,0.08572009212843787,0.5277777777777778,0.3902439024390244,0.060836501901140684,0.10526315789473684,0.2584809422238709,288,25,247,16,"['caidas_1', 'tamano_manguito_pa_5.0']"
LogisticRegression,63,2,0.9429674572531714,0.08572009212843787,0.5277777777777778,0.3902439024390244,0.060836501901140684,0.10526315789473684,0.2584809422238709,288,25,247,16,"['caidas_1', 'tamano_manguito_pa_5.0']"
LogisticRegression,125,2,0.9416069130354845,0.08901232895271644,0.5277777777777778,0.3902439024390244,0.060836501901140684,0.10526315789473684,0.2584809422238709,288,25,247,16,"['medicacion_osteoporosis_1', 'tamano_manguito_pa_5.0']"
LogisticRegression,186,2,0.9429674572531714,0.08572009212843787,0.5277777777777778,0.3902439024390244,0.060836501901140684,0.10526315789473684,0.2584809422238709,288,25,247,16,"['caidas_1', 'tamano_manguito_pa_5.0']"
LogisticRegression,187,2,0.9429674572531714,0.08572009212843787,0.5277777777777778,0.3902439024390244,0.060836501901140684,0.10526315789473684,0.2584809422238709,288,25,247,16,"['caidas_1', 'tamano_manguito_pa_5.0']"
